0.396992183682061,-1.3697441025680068,0.9076861187049603,1.4742315729260107,1.1985510811308595,-1.0554485630264914
-1.3884626818049415,1.5853187328188845,0.1766044978367474,-0.6378480444464976,-1.2549823500479724,2.493320325286127
-0.12231652647963465,0.1277616680104406,1.5200677777238414,-0.6378480444464976,-1.2549823500479724,0.16612870667518412
-1.3666524392874932,-1.5934568548800312,0.873561108960372,-1.1658679487896246,-1.2549823500479724,-1.0495473478171182
0.7869408535873254,-0.864107626679095,-0.1957219773592514,-0.6378480444464976,-0.028215634458556457,-0.894359350835384
0.36698580518182927,-0.2500389494144573,1.4818123633415796,1.4742315729260107,-1.2549823500479724,-0.6308219560461866
-1.5214625571451525,1.6012982151268855,-1.3352219425193248,0.4181917642397565,-0.028215634458556457,0.6797842945445933
-1.1753193093226995,-1.6550920009251808,1.640341227054192,0.4181917642397565,1.1985510811308595,-1.1093274662737134
-1.0910510310601336,0.579752739008204,0.7121802991884137,0.4181917642397565,-0.028215634458556457,-0.19110793334378615
-0.18076485304514245,-1.4085514167445825,-0.762079127558342,0.4181917642397565,-0.028215634458556457,-1.0998326094237632
1.3922740590147504,0.7441131284619358,-1.2374690327610514,-1.1658679487896246,-1.2549823500479724,1.1552399862018958
1.1049805196469842,-0.6700710557962171,0.6003643450685376,-1.1658679487896246,1.1985510811308595,-0.38415042539834854
1.6773647926562407,-0.3972784649667589,1.3294791065854776,1.4742315729260107,-0.028215634458556457,-0.8864812652756731
1.0946144556353306,-0.9965090515168238,-0.8151843300427158,0.4181917642397565,-0.028215634458556457,-1.0234916086828314
-0.39041223036976064,1.498572971718303,-1.530826105003435,0.4181917642397565,-0.028215634458556457,0.49042363165553
1.425035314576887,0.2179316038913077,-0.5339234428106618,-0.6378480444464976,-1.2549823500479724,0.14425085153408326
1.376033846399692,1.6332571797428894,-0.7062203219821859,-1.1658679487896246,1.1985510811308595,3.376830718198782
0.5768564768680046,-0.23405946710645545,0.37919101101787717,-1.1658679487896246,-0.028215634458556457,-0.4406124882297481
-0.9884863141905054,1.051147467094255,-0.880484060504983,-0.6378480444464976,-1.2549823500479724,1.4995938986218234
0.5537996216572026,-1.1757075316851289,-1.6673261439817886,-1.1658679487896246,-1.2549823500479724,-0.8594701612880628
-1.2821868948404846,1.5168352372131626,0.9279447700230732,-0.6378480444464976,1.1985510811308595,2.9395822717139968
-1.5027085705825078,1.1767005423714116,-0.028243903598346838,1.4742315729260107,-0.028215634458556457,-0.015159123203298248
0.172534773579594,-1.5580737154837416,0.035285653447774436,0.4181917642397565,-1.2549823500479724,-1.0971281919928175
-1.553379951807173,-1.4051272419642966,-0.02962070514423786,0.4181917642397565,-1.2549823500479724,-1.0472397742483224
0.794530122072136,-0.2374836418867418,-1.1587946587101272,-0.6378480444464976,-1.2549823500479724,-0.2597141532530052
1.4406960577751458,0.2510319601007397,1.2100907439632003,1.4742315729260107,1.1985510811308595,-0.23254137213637108
-1.0858358063089293,1.2371942968231322,-1.4533318465632747,-1.1658679487896246,1.1985510811308595,3.0189730910251527
1.4072388909512246,-0.48174144288048254,1.6473235777512114,0.4181917642397565,-1.2549823500479724,-0.6667142786894974
0.36090891077774656,-1.526114750867738,0.05357744541461448,-0.6378480444464976,-1.2549823500479724,-1.0563010424340722
-0.5227600313780638,-0.9816709608022508,0.08603062471062063,-0.6378480444464976,-0.028215634458556457,-0.9203195534843388
-1.2186726630661633,-0.003498365233859122,-1.6709648337816438,-0.6378480444464976,1.1985510811308595,0.303789433078643
-1.410316761252266,1.3273642327039992,1.2798159079658318,0.4181917642397565,1.1985510811308595,1.618929992242503
-1.451276892605303,-0.6974644540385059,0.9567592595192242,1.4742315729260107,-0.028215634458556457,-0.9471763293033353
-0.8144756210470883,-0.1941107613364514,-0.394964829643217,-0.6378480444464976,-1.2549823500479724,-0.13291519033578963
-0.396301447917811,-1.1026584697056925,-0.8284606306638094,0.4181917642397565,1.1985510811308595,-0.905074135113424
-0.2784458619457545,0.0661265219652912,-0.7836162374547825,-0.6378480444464976,-1.2549823500479724,0.10065681838090589
-0.575025980926974,0.45762383851133354,-1.3155533490065936,1.4742315729260107,-1.2549823500479724,-0.1214067183334504
0.6209660176518319,0.14830671669215736,-0.3265181242189131,1.4742315729260107,-1.2549823500479724,-0.39720952804723525
0.5265330512742316,-0.003498365233859122,1.3429520931416985,1.4742315729260107,-1.2549823500479724,-0.494204782020973
1.7342308800340305,0.7155783386262183,-0.7151695320304786,-1.1658679487896246,-0.028215634458556457,0.31402286044981625
0.2178073629091983,0.8742317701128072,0.9916710130043218,0.4181917642397565,-0.028215634458556457,-0.0604250448497912
-0.5829179982087414,0.5363798584579134,0.6013477747441741,-0.6378480444464976,-1.2549823500479724,0.6921085011524623
0.0747852694760501,0.42680626548875866,-1.1273249090897575,1.4742315729260107,-1.2549823500479724,-0.17464626202498684
-0.21627002643671453,0.15058949987901452,0.5696813391886771,0.4181917642397565,-1.2549823500479724,-0.16315983690387825
-0.511840526126724,-0.5821839031022074,1.3343962549636603,-1.1658679487896246,1.1985510811308595,-0.2199305560725052
1.0319577838017115,-0.6540915734882151,-1.1784632522228582,-1.1658679487896246,1.1985510811308595,-0.37625396743761197
0.21113730004772854,1.069409732589114,1.0526436528937884,1.4742315729260107,1.1985510811308595,0.5819990273267613
0.3177665222593121,-1.6151432951551765,-0.29544174646879795,0.4181917642397565,-0.028215634458556457,-1.136158520731274
-1.2694289783424637,1.491724622157731,0.9403359839360937,-0.6378480444464976,-0.028215634458556457,1.1343726131171947
0.2954192773508808,-1.4724693459765896,-1.5832429067148635,-0.6378480444464976,1.1985510811308595,-1.0113621495258323
-1.2903912502476196,-0.5650630292007769,-0.9973155059706054,0.4181917642397565,-0.028215634458556457,-0.8265541676108744
0.0722139595580015,-0.09024412633443989,1.542489974328355,1.4742315729260107,-1.2549823500479724,-0.5303506437984348
-0.9769887094264236,0.7737893098910817,1.2855198000845236,-0.6378480444464976,-0.028215634458556457,0.3152060430758551
1.7008394686049242,-0.7522512505230832,-0.5926341944461642,1.4742315729260107,-0.028215634458556457,-0.9919278237211158
-1.5511031712617298,-1.2818569498739973,-0.7631609002015423,-1.1658679487896246,-1.2549823500479724,-0.8798194326638464
-0.9183444865805322,-0.03774011303672,-1.6859129648513194,-1.1658679487896246,-0.028215634458556457,-0.22321554137585492
-1.5020140292247823,-1.6276986026828921,1.0331717453161846,-1.1658679487896246,-0.028215634458556457,-1.107831952830242
-1.4818860288913318,1.6423883124903185,-0.7336580099324457,-1.1658679487896246,-0.028215634458556457,1.8599207764932737
0.21951837307842711,-1.1129309940465506,1.0972913601676877,1.4742315729260107,1.1985510811308595,-0.9742866442564829
-0.70350106316153,-0.8218761377222336,-0.10750833545465296,-1.1658679487896246,1.1985510811308595,-0.4597381576972369
0.014260168357659178,-1.2282115449828488,-0.151074270085352,0.4181917642397565,1.1985510811308595,-0.9483007202460926
-0.10658180846221062,-0.9417222550322464,-1.3062107670880463,1.4742315729260107,-1.2549823500479724,-0.9437958075146532
-0.5721190445145612,-1.4758935207568755,1.3349863127690422,-0.6378480444464976,-1.2549823500479724,-1.0322699418927892
0.9825302754622827,-0.03317454666300541,-0.7990560833622764,-0.6378480444464976,1.1985510811308595,0.10688138784832699
-1.3697908894858146,-1.1859800560259872,-0.10711496358439795,0.4181917642397565,1.1985510811308595,-0.9225242416073922
0.3498661141611303,-0.6438190491473571,-0.846260707792831,-1.1658679487896246,-0.028215634458556457,-0.7008979680374414
-0.31839774391164005,1.5350975027080216,-0.14714055138280582,0.4181917642397565,-1.2549823500479724,1.3589752156532677
0.4892100151968567,0.39028173449904063,0.19971509521420622,-0.6378480444464976,1.1985510811308595,0.6846456318559262
0.8916645392533549,1.5841773412254552,0.6993957134051383,-0.6378480444464976,-1.2549823500479724,2.067892681621113
-0.9601347797930987,1.2132250733611296,-1.0697942730650192,0.4181917642397565,-0.028215634458556457,0.27369911467916813
0.3446549991221016,-0.7533926421165118,-0.6102375856400585,-0.6378480444464976,-1.2549823500479724,-0.6584724195894825
1.711365811391437,-1.3743096689417218,1.0489066201263695,-0.6378480444464976,1.1985510811308595,-0.9884480909668962
1.6171397005266899,1.087671998083973,1.0899156376004133,-1.1658679487896246,-0.028215634458556457,0.7128656398310107
-0.9033180089614197,-0.8469867527776646,1.2161880079521465,-1.1658679487896246,-0.028215634458556457,-0.792319035540059
-1.4800887147664092,0.6345395354927811,-0.18126556112739414,1.4742315729260107,-1.2549823500479724,0.07939627591426014
1.4018154407831087,-0.08796134314758275,0.9600045774488248,-0.6378480444464976,-0.028215634458556457,-0.5094722472731182
1.6406171162834908,0.9952192790162488,-1.2996217882612815,-1.1658679487896246,1.1985510811308595,1.9695819637339533
1.113749275526275,-1.6744956580134684,1.2922071218788522,-1.1658679487896246,-0.028215634458556457,-1.1347401713721097
0.34260699255444993,-0.6894747128845049,-0.9361461801460118,-1.1658679487896246,-1.2549823500479724,-0.49021429651824616
1.4746518696764077,-1.66422313367261,-1.1693173562394386,0.4181917642397565,1.1985510811308595,-1.125307780685646
0.5315770380181073,1.5796117748517409,-1.4574622512009483,-1.1658679487896246,-1.2549823500479724,2.794561561459744
-1.5526826706413304,1.2725774362194215,1.0987665046811426,0.4181917642397565,-1.2549823500479724,1.155331848207023
0.05353668762263988,0.01818807504128591,0.23108650186701207,-0.6378480444464976,1.1985510811308595,0.22554872607168044
-1.010351352870299,0.4952897610944804,0.5692879673184226,0.4181917642397565,1.1985510811308595,0.4436732200061812
0.5731549961015865,1.5202594119934483,0.6928067345783735,-1.1658679487896246,-0.028215634458556457,1.3710716044884212
1.0603010987747665,-0.5194073654636294,-1.1042143117122987,-1.1658679487896246,-0.028215634458556457,-0.64455716305281
0.7120249103330263,0.04101590690985983,1.1190251559992554,1.4742315729260107,-0.028215634458556457,-0.7143428911078626
-1.268501553294771,-1.4587726468554452,0.19735486399267832,-0.6378480444464976,1.1985510811308595,-0.9910385995114842
1.0587969441183906,0.8856456860470941,-1.1122784350525183,0.4181917642397565,1.1985510811308595,0.7118955770568671
1.0515337127995346,0.9586947480265309,0.15201875594583322,-1.1658679487896246,1.1985510811308595,2.0019688322616087
0.5812757873611445,1.473462356662872,1.5003991842111104,-1.1658679487896246,-0.028215634458556457,1.3097739257071244
0.016850656932528463,0.9712500555542464,0.2024686983059887,-0.6378480444464976,-1.2549823500479724,1.241193427159341
-0.6905212222060109,-1.6482436513646086,0.602822919257629,0.4181917642397565,1.1985510811308595,-1.1066230488427677
-0.8954328411999453,0.6470948430204966,-0.7761421719199446,-0.6378480444464976,-1.2549823500479724,0.8864774805610617
-1.24048427548767,-0.2694426065027452,-0.8965139642178588,1.4742315729260107,-0.028215634458556457,-0.793391983759945
-1.3759458684212393,0.8913526440142376,-0.13809299836694966,-0.6378480444464976,-0.028215634458556457,0.45964618545770364
1.3879410524773044,-0.11078917501615666,0.35578538473772714,-1.1658679487896246,1.1985510811308595,0.22325217594349972
-0.39722339334926887,0.5671974314804885,0.8932297024731031,-0.6378480444464976,-0.028215634458556457,0.07918315606236495
0.14796554428806458,-0.06513351127900882,1.3345929408987875,-0.6378480444464976,-0.028215634458556457,-0.4397195895399114
-1.2104395396737968,-1.4998627442188783,-0.6629494162541775,0.4181917642397565,-1.2549823500479724,-1.06733918097016
-0.11708075316755062,1.4974315801248743,-0.2877709949988328,0.4181917642397565,1.1985510811308595,1.689755598195596
1.2957328102909191,-0.34249166848218154,-1.5934705753414833,0.4181917642397565,-1.2549823500479724,-0.592280333175007
-1.2366704625884444,0.06156095559157629,0.9173237295261983,-0.6378480444464976,-1.2549823500479724,0.166826857914151
1.7447818810935987,0.3537572035093223,1.122270473928856,0.4181917642397565,1.1985510811308595,0.08163403435915956
1.0820346266649314,0.17341733174758842,1.17134361474312,0.4181917642397565,1.1985510811308595,-0.045032647270672944
-1.2857226172158085,-0.4771758765067676,1.5870393386346906,1.4742315729260107,-0.028215634458556457,-0.8724741467338732
-0.7588561463626514,0.2784253583430285,1.0473331326453506,1.4742315729260107,-0.028215634458556457,-0.5679662976579322
-0.055078895473956974,-1.4884488282845914,-1.3127014029472477,-0.6378480444464976,-1.2549823500479724,-1.044417773450814
0.9756328085270809,0.07525765471272071,-0.060992111797043704,0.4181917642397565,-1.2549823500479724,-0.2776235697726096
1.1379815084193807,0.09123713702072257,-0.21775080209351036,-1.1658679487896246,-0.028215634458556457,-0.20826040694114217
-0.38971494920391775,0.48045167037990744,-1.663490768246806,-1.1658679487896246,1.1985510811308595,1.327657620865293
1.2952834817596883,0.6459534514270681,-0.6096475278346764,-0.6378480444464976,-1.2549823500479724,0.6497233719867591
0.1796897824778181,1.3513334561660018,1.1745889326727204,-1.1658679487896246,-0.028215634458556457,1.2123708044306216
1.3257816558169677,-1.6961820982886138,0.36030916124565526,0.4181917642397565,-1.2549823500479724,-1.140362126085896
-0.31252222540417596,0.8982009935748096,-1.6875847952999015,0.4181917642397565,1.1985510811308595,0.8718677472656274
0.9245874434944097,-1.2156562374551332,0.9318784887256194,-1.1658679487896246,1.1985510811308595,-0.8360637223816451
-1.0937620711921623,0.45876523010476206,-1.6787339282191724,-1.1658679487896246,1.1985510811308595,1.3769581217769735
-1.1966089882978683,0.25788030966131203,-1.3213555840928493,0.4181917642397565,1.1985510811308595,0.19559068895958875
1.7021723852539714,-0.9029149408556708,0.6378330157102903,-1.1658679487896246,1.1985510811308595,-0.6221612062027917
0.9011278364903704,1.133327661821121,-1.059369918503272,-0.6378480444464976,1.1985510811308595,1.7880516181619355
-0.19970240675164347,1.398130511496578,-1.6541481863282588,1.4742315729260107,1.1985510811308595,0.9978840458991589
1.5044034460217335,1.670923102326036,-0.697369454901457,0.4181917642397565,-0.028215634458556457,0.45897008109996723
0.4702245148483036,-1.7167271469703302,-1.2171120384753749,-1.1658679487896246,1.1985510811308595,-1.0909734376492932
1.417515911199067,0.4005542588398987,1.0363187202782211,0.4181917642397565,-0.028215634458556457,-0.42728147404568473
-1.3326897778659383,0.5477937743922003,-0.7366082989593552,0.4181917642397565,-0.028215634458556457,-0.21064147011403986
1.4215982252937844,1.3764440712214328,0.19351948825769597,0.4181917642397565,-0.028215634458556457,0.22903948226651505
-1.4613388379159404,1.2737188278128502,1.4002860432313096,-0.6378480444464976,-0.028215634458556457,0.8911697917829606
-0.7497051872510029,1.6332571797428894,0.034793938609956436,0.4181917642397565,-0.028215634458556457,0.641683609298024
-0.7569177321196898,1.6617919695786068,1.5432767180688642,-1.1658679487896246,-0.028215634458556457,1.7772155760371275
1.290503886499128,0.9347255245645277,-0.050764443170423806,-1.1658679487896246,-0.028215634458556457,0.5762227444443612
-1.5559170141237557,0.03645034053614524,-0.7764372008226356,0.4181917642397565,1.1985510811308595,-0.01051825470427066
-0.34962196711999377,1.3878579871557197,-1.6889615968457927,0.4181917642397565,1.1985510811308595,1.5651760213222543
-1.437329899384391,-0.06969907765272342,0.7626302415485688,0.4181917642397565,-0.028215634458556457,-0.5894105641348323
-1.6401277564158594,0.6254084027453519,-0.20083581167256176,1.4742315729260107,-0.028215634458556457,-0.3495698921882548
0.7250568076427736,-1.2487565936645653,0.4533416085608729,0.4181917642397565,-1.2549823500479724,-0.9991849221261667
1.1719058125272943,1.496290188531446,1.390648432410071,0.4181917642397565,1.1985510811308595,1.4964264966850365
1.4878426758569558,0.430230440269045,-1.6150076852379238,-1.1658679487896246,-1.2549823500479724,0.683811524849371
-1.0084732144059172,-1.1209207352005515,-0.5480848301398282,1.4742315729260107,-1.2549823500479724,-0.9906968728524108
0.6220605709946774,1.2543151707245626,1.2137294337630553,1.4742315729260107,1.1985510811308595,0.7542807062225703
1.474755982384863,0.5557835155462015,-1.3785911912148967,0.4181917642397565,1.1985510811308595,0.301349578222464
-0.4196720111580387,1.4951487969380173,-0.896710650152986,-0.6378480444464976,-1.2549823500479724,2.1499768949225992
-0.3209471353647502,0.7874860090122264,-0.6227271425206425,-0.6378480444464976,-1.2549823500479724,1.008473897850226
0.593903562973596,-1.6528092177383233,-0.4195505715341307,1.4742315729260107,-0.028215634458556457,-1.1512165406117294
0.8739407205427995,-0.5034278831556276,-1.5491178969702748,1.4742315729260107,-1.2549823500479724,-0.7654953300429084
-0.4523894297902993,-0.07997160199358182,-0.05086278613798723,-1.1658679487896246,-1.2549823500479724,0.19755653586931143
0.008087380669472663,0.298970407024745,0.0023407593139502846,-0.6378480444464976,-0.028215634458556457,-0.17470872818847336
0.14335033751454032,0.9872295378622482,-1.1546642540724537,-1.1658679487896246,-1.2549823500479724,1.7413085554729963
0.6872844430341687,0.9347255245645277,-0.7679797056121613,1.4742315729260107,-0.028215634458556457,-0.2778366896245048
-1.1555050170186754,1.1789833255582687,-0.7128093008089507,1.4742315729260107,-1.2549823500479724,0.5643504989017183
0.11731394097621853,1.0237540688519662,-1.0435367007255232,1.4742315729260107,-0.028215634458556457,-0.1896638626231861
-0.8565700329606709,-1.269301642346282,0.42118345816755787,0.4181917642397565,-0.028215634458556457,-1.0668027068602168
-0.2791951994658251,1.1424587945685507,-0.2855091067448688,1.4742315729260107,-0.028215634458556457,-0.09655620870643258
0.9800165015146969,0.04329869009671728,-1.2384524624366882,1.4742315729260107,1.1985510811308595,-0.36458014382604376
0.15588906936318075,0.8103138408808004,1.1670165241703192,-1.1658679487896246,-1.2549823500479724,1.4155364894502045
1.6211562592265925,1.4175341685848657,0.33237975845757717,0.4181917642397565,-1.2549823500479724,0.9579938887927114
-1.3119727187872767,1.439220608860011,0.7250632279392523,1.4742315729260107,1.1985510811308595,1.1875974588879108
-1.0675379977978083,-0.15530344715987562,1.5088566794215847,-1.1658679487896246,1.1985510811308595,0.35538280963829944
-0.7026284342761829,1.062561383028542,-0.6428874508711918,-0.6378480444464976,-0.028215634458556457,0.5820835403714784
-0.5865961906061632,1.2451840379771328,-0.7814526921683821,-0.6378480444464976,-1.2549823500479724,1.7606363213517655
1.5765905403912415,-0.812745004974804,-0.057845136835006646,0.4181917642397565,1.1985510811308595,-0.7807664697752588
0.7418052546635839,1.6458124872706048,1.2982060429002353,-1.1658679487896246,1.1985510811308595,3.564508469153915
1.0886074263382384,0.10265105295500954,1.3478692415198812,0.4181917642397565,-1.2549823500479724,-0.26635026450339616
-1.0204667244392227,-1.4427931645474437,-0.7507696862885216,-1.1658679487896246,1.1985510811308595,-0.9431968672412238
0.38663981871099423,-0.3322191441413235,-0.5406107646049904,-0.6378480444464976,1.1985510811308595,-0.18803239341212655
1.7132316207192915,-0.928025555911102,-0.44010425175493484,-0.6378480444464976,-1.2549823500479724,-0.8044521691772634
1.429186123874536,1.670923102326036,1.001111937890433,1.4742315729260107,1.1985510811308595,1.1208395025218514
0.4902442927611228,0.29440484065103006,0.5227717436608137,0.4181917642397565,1.1985510811308595,0.1047501893293753
-0.5534143744980272,-1.3183814808637158,-1.595044062822502,0.4181917642397565,-1.2549823500479724,-1.0193835398135418
-0.07384932088530502,-0.857259277118523,-0.7697498790283072,-1.1658679487896246,1.1985510811308595,-0.5369059164843137
-0.07396028311405424,0.5808941306016326,0.4261989495133044,0.4181917642397565,-0.028215634458556457,-0.24493171938793157
-1.36637571866765,1.2371942968231322,-0.16661245896040958,0.4181917642397565,-0.028215634458556457,0.33189185768716467
0.9264957198480812,0.34462607076189283,-1.0279001688829021,-1.1658679487896246,-1.2549823500479724,0.6231201353019137
-1.2017502382299068,0.24989056850731112,0.30366361192898994,1.4742315729260107,1.1985510811308595,-0.0984963342547197
-0.06178868555312676,-0.9428636466256751,-0.4198456004368219,-0.6378480444464976,-1.2549823500479724,-0.7720248813673518
1.2507355716770987,-1.0524372395948298,-0.15894170749044445,0.4181917642397565,-0.028215634458556457,-1.030531912755782
-0.8351433635796387,-0.2397664250735989,0.7436500488087835,-0.6378480444464976,1.1985510811308595,-0.01730869412327547
-0.009676165258782784,-1.724716888124331,0.7235880834257978,-0.6378480444464976,-1.2549823500479724,-1.1119841154619927
0.12135104823700123,0.32978798004731985,0.14483971931368653,-0.6378480444464976,1.1985510811308595,0.6302523013799919
-0.10095424258935824,0.04101590690985983,0.030073476166901064,-0.6378480444464976,-1.2549823500479724,0.06520910784241106
-0.4951838626778418,-1.3800166269088654,0.06114985391701619,-1.1658679487896246,-1.2549823500479724,-0.9542239823366961
1.05877776546157,0.49300697790762293,-1.7161042558933617,-0.6378480444464976,1.1985510811308595,0.7712678282106973
0.961366627660508,-0.9462878214059611,-0.7409353895321562,0.4181917642397565,-0.028215634458556457,-0.9916779590671697
1.6426980005485499,1.6458124872706048,-1.5136160856797953,0.4181917642397565,1.1985510811308595,1.638996328642495
1.2608468335338472,-0.2603114737553157,-1.197640130897771,-1.1658679487896246,-1.2549823500479724,-0.12565809193073854
0.22320889461237622,-0.8024724806339456,-1.6800123867975,0.4181917642397565,-1.2549823500479724,-0.8084757250018358
1.4351931531716289,0.4074026084004711,-1.3342385128436882,-1.1658679487896246,1.1985510811308595,0.9704026084452974
-1.5612390913915333,-0.6449604407407856,0.0722626092517091,1.4742315729260107,1.1985510811308595,-0.7217285963200918
-0.8305925422968699,-0.029750371882719066,-1.5532483016079484,0.4181917642397565,-1.2549823500479724,-0.2761978714530351
-1.0402303302930778,0.0010672011398554714,-1.2947046398830988,1.4742315729260107,-1.2549823500479724,-0.4261901534247732
-1.4127880681740346,-0.14959648919273213,1.2500179887940441,-1.1658679487896246,1.1985510811308595,0.39443518525798676
0.773022628351645,0.28527370790360057,-0.016737776393398913,1.4742315729260107,-1.2549823500479724,-0.3168119011598852
-1.0888564447582083,-1.4644796048225885,-0.01968806542030868,-1.1658679487896246,1.1985510811308595,-0.9526072110464568
0.4445895001991605,1.5499355934225942,-0.1115403971247626,1.4742315729260107,-0.028215634458556457,0.11291855882528833
-1.571373641617278,-1.537528666802025,1.4204463515818586,-0.6378480444464976,-1.2549823500479724,-1.042687093274217
-0.16687539579469277,-1.7190099301571877,-1.329518050400633,-0.6378480444464976,1.1985510811308595,-1.0967754418931288
1.529064458885191,0.8696662037390923,0.6599601834121127,-1.1658679487896246,-1.2549823500479724,1.3286901498029229
1.1046325640160921,1.2360529052297036,-0.2133253685531457,-1.1658679487896246,1.1985510811308595,2.552314104978833
-0.674834450830639,-1.601446596034032,-0.4068643287184193,-1.1658679487896246,-0.028215634458556457,-1.098880919050645
-0.40051664270621534,1.0637027746219705,1.3481642704225723,0.4181917642397565,-1.2549823500479724,0.7737370789085172
-1.6115077208229613,0.44278574779676055,-1.016492384645518,-1.1658679487896246,-0.028215634458556457,0.3042707899855097
1.1192645092663187,-0.5513663300796329,-0.8082019793456963,1.4742315729260107,1.1985510811308595,-0.7329982271091001
-0.35453581297829956,-1.3697441025680068,0.48353289960291546,0.4181917642397565,-1.2549823500479724,-1.0410776709443879
1.5086090514817279,1.1025100887985464,-0.538742248221281,-1.1658679487896246,-0.028215634458556457,0.7392888269858066
-0.76095757918859,1.2657290866588495,-1.7241683792335813,1.4742315729260107,-1.2549823500479724,0.6121077181272617
0.41507354735191826,0.5934494381293481,-0.835934696198647,-0.6378480444464976,-1.2549823500479724,0.6725639409415931
-1.3954450827917786,-1.3309367883914314,-1.0573047161844351,-1.1658679487896246,1.1985510811308595,-0.8656763583544583
1.5038787727672782,-1.2818569498739973,-0.5681467955228138,-0.6378480444464976,-0.028215634458556457,-1.0513331451967916
1.3261200221194493,-0.852693710744808,-0.2458768908167157,0.4181917642397565,-0.028215634458556457,-0.9668568452817926
0.09815720262033646,0.46447218807190555,0.7798402608722086,1.4742315729260107,-0.028215634458556457,-0.49307671659801067
1.539688064859867,-0.9987918347036813,0.5911201061175542,1.4742315729260107,1.1985510811308595,-0.9528680991410182
0.704723321700529,-0.05257820375129298,-0.24774540720042518,0.4181917642397565,-0.028215634458556457,-0.6449429834743443
-0.13600597773752432,-1.1152137772334079,0.8640218411066973,1.4742315729260107,-0.028215634458556457,-1.060750837962435
-1.5395247421581892,0.49072419472076584,-0.4081427872967469,-1.1658679487896246,-0.028215634458556457,0.34368693914550097
-1.0508950333895124,1.432372259299439,-0.31432359624101963,1.4742315729260107,-0.028215634458556457,0.14827440735865602
1.5911731690953579,1.6058637815006005,1.1062405702159803,1.4742315729260107,-1.2549823500479724,0.7228822728700837
1.3823559536302694,-1.3606129698205773,0.7066730930048488,-1.1658679487896246,-1.2549823500479724,-0.9610658644785722
-1.3581973914376289,-0.2557459073816008,-1.3969813261493005,-0.6378480444464976,1.1985510811308595,0.004863119434232351
-1.2080353580509013,0.11748914366958252,0.035285653447774436,-1.1658679487896246,1.1985510811308595,0.79302442550503
-1.4216828552267191,-0.08225438518043926,1.083228315806085,1.4742315729260107,-1.2549823500479724,-0.4578494748718212
-0.6784852451468877,1.4289480845191527,1.4952853498978005,-0.6378480444464976,-0.028215634458556457,0.9948893445320114
-1.588216612018134,1.3479092813857154,1.3769787599187229,-1.1658679487896246,1.1985510811308595,3.397084453089234
-0.8366653269887769,-1.021619666572255,-1.2591044856250557,-1.1658679487896246,1.1985510811308595,-0.6484447631097943
-0.12660569608720507,0.5101278518090534,-0.756965293245032,1.4742315729260107,-1.2549823500479724,-0.10958591551367869
0.004655771002604281,-0.8538351023382369,0.8562527466691688,-0.6378480444464976,-0.028215634458556457,-0.8677009969474625
0.928980725810436,0.029601990975572867,1.116271552907473,-1.1658679487896246,-1.2549823500479724,0.2212238628702903
1.2395064681085084,0.32408102208017636,-1.3472197845620906,-0.6378480444464976,-0.028215634458556457,-0.21311439529206483
-1.0749286301941172,0.825151931595373,-0.7349364685107731,1.4742315729260107,-0.028215634458556457,-0.24422989366875963
1.398320815529544,-0.6278395668393552,-1.5846197082607545,-1.1658679487896246,-1.2549823500479724,-0.4866500507193098
0.7640401674392079,0.8525453298376618,0.4485228031502541,-0.6378480444464976,1.1985510811308595,1.3399744785127519
0.24322867252519503,0.019329466634714795,0.0720659233165818,-1.1658679487896246,1.1985510811308595,0.5064884591121798
0.9071526745402251,1.140176011381693,-1.4647396308006586,-1.1658679487896246,-0.028215634458556457,0.8526649137138315
-1.4236925044807294,-0.5216901486504866,-1.1623350055424189,-1.1658679487896246,-1.2549823500479724,-0.26515238395653706
-0.4102333721940781,0.1893968140555903,-0.23604259406034997,-0.6378480444464976,1.1985510811308595,0.4892992407127727
0.30145918434538044,-0.6187084340919257,-1.247303329517417,-0.6378480444464976,-1.2549823500479724,-0.552544504237173
-1.1698766804977627,1.4928660137511596,0.2571473882713807,1.4742315729260107,-1.2549823500479724,0.8997901223440997
-1.3909654965200584,-1.257887726411995,1.5789752152944707,1.4742315729260107,-0.028215634458556457,-1.0922264353992286
-0.002752670146466635,0.5923080465359196,1.1137146357508179,0.4181917642397565,-1.2549823500479724,0.2281759794183189
0.8176636919102206,-0.27172538968960264,1.2672280081176839,1.4742315729260107,-1.2549823500479724,-0.6572561666415979
-1.1164408328827822,-0.6871919296976474,0.8434681608858933,-0.6378480444464976,1.1985510811308595,-0.4524957572130063
1.697806501019117,0.6356809270862096,-0.8366230969715928,-1.1658679487896246,-1.2549823500479724,0.9452912107237182
0.13491446832149664,-0.7054541951925065,0.9845903193397385,-0.6378480444464976,1.1985510811308595,-0.5221492039806759
1.095432288358333,1.2086595069874146,-0.405782556075219,-0.6378480444464976,-0.028215634458556457,0.5704207402005255
-0.7174329874377975,1.223497597701988,1.3420670064336255,0.4181917642397565,-1.2549823500479724,0.9998498928088816
-0.7167795432018307,0.6448120598336394,1.2430356380970249,1.4742315729260107,-1.2549823500479724,0.03905048326238155
-1.0400536126695143,1.2680118698457066,0.3885335929364245,0.4181917642397565,1.1985510811308595,1.4729428936943119
1.1626562203234243,0.687043548790501,0.7297836903823081,-1.1658679487896246,1.1985510811308595,1.4790719266764008
1.5153599386826564,1.5362388943014502,-0.18618270950557678,-0.6378480444464976,-0.028215634458556457,0.8547556929505274
1.471273686267826,0.07982322108643561,1.18963540670996,0.4181917642397565,-1.2549823500479724,-0.30392549908063765
0.5158313607682138,1.6583677947983204,1.0379905507268032,1.4742315729260107,1.1985510811308595,1.2322864871422048
1.1224933731325097,-1.4382275981737287,0.45521012494458235,1.4742315729260107,-0.028215634458556457,-1.1326530666156192
1.0733727233022141,-1.4233895074591556,-0.21371874042340028,-1.1658679487896246,1.1985510811308595,-0.957637574447224
1.3729406030353055,-0.35276419282303995,0.7563362916244947,-0.6378480444464976,-0.028215634458556457,-0.6588655889714271
-0.8488163759888251,-1.235059894543421,-0.1318973914104394,1.4742315729260107,-0.028215634458556457,-1.088048551406042
-1.0078170303618335,-0.359612542383612,-0.31196336501949196,0.4181917642397565,-0.028215634458556457,-0.7413062268528067
-0.1695042416832038,0.13004445119729804,0.27268557714643826,-1.1658679487896246,-1.2549823500479724,0.4377867027176283
0.4585488225565999,1.6754886686997508,0.7811187194505361,-1.1658679487896246,-1.2549823500479724,3.0142734308428434
-1.441465639737395,-0.9223185979439585,0.7805286616451539,-0.6378480444464976,-1.2549823500479724,-0.729738963167186
-0.4478399784115887,0.3183740641130329,-0.9120521530929163,-0.6378480444464976,-1.2549823500479724,0.412050643361184
-0.6114750182149427,-0.9382980802519603,-1.4964060663561556,-1.1658679487896246,-0.028215634458556457,-0.841832656303635
0.4644092721194189,-1.5991638128471746,-1.694370460061794,-1.1658679487896246,1.1985510811308595,-1.036054656504031
-0.4830519923346143,1.2486082127574192,-0.1905098000783776,-0.6378480444464976,1.1985510811308595,2.233828533202733
-0.1515489091867404,-0.7693721244245136,1.2700799541770298,0.4181917642397565,-1.2549823500479724,-0.7854404085961322
0.027778381608220264,1.0431577259402538,-0.35995473319055565,1.4742315729260107,1.1985510811308595,0.5775492317983985
-0.3349804325413561,-0.19639354452330854,1.6828253890416907,1.4742315729260107,-1.2549823500479724,-0.5769650996801954
0.09614344365415047,-0.17698988743502098,-0.20319604289408924,1.4742315729260107,-1.2549823500479724,-0.5752968856670849
-0.4096511629691601,-0.216938593205025,1.1401688940254415,-0.6378480444464976,1.1985510811308595,-0.015328149292732476
1.6854006498641638,-0.6928988876647909,-0.7400503028240832,0.4181917642397565,1.1985510811308595,-0.721699200478451
0.8076770913228081,0.6916091151642159,1.4777803016714697,1.4742315729260107,-0.028215634458556457,-0.41536146026037557
-0.0574844470009113,-0.1518792723795896,-1.484899939151208,-1.1658679487896246,1.1985510811308595,0.291829000011078
0.7835489711381578,-1.1049412528925497,0.7732512820454437,1.4742315729260107,1.1985510811308595,-0.9669082880046639
-0.7247140275094159,1.2337701220428459,1.1215820731559103,-0.6378480444464976,-1.2549823500479724,1.764252009873573
-0.8983877242544102,0.5078450686221962,1.6580429612156498,1.4742315729260107,-1.2549823500479724,-0.06659817159434103
0.3189651883106135,0.4439271393901891,1.5772050418783252,1.4742315729260107,1.1985510811308595,-0.008523011952907344
1.6415842685488837,1.2588807370982775,-0.15176267085829775,0.4181917642397565,-1.2549823500479724,0.7876560099253948
-1.1209998735899027,0.7475373032422221,1.2779473915821222,-0.6378480444464976,1.1985510811308595,1.41844300329243
0.17595679391805163,-0.08910273474101131,1.6605998783723048,-1.1658679487896246,-0.028215634458556457,-0.3027790612566498
0.023945390052173204,0.5854596969753475,0.7153272741504504,1.4742315729260107,-0.028215634458556457,-0.43517793200642124
-1.6373852084904819,0.20537629636359184,-0.9453904190969955,0.4181917642397565,-0.028215634458556457,-0.42358494695936505
0.9051169971091011,0.6836193740102152,0.46297921938211134,-0.6378480444464976,1.1985510811308595,1.058902464184869
-0.4155705184065006,0.6265497943387804,1.5891045409535274,1.4742315729260107,-0.028215634458556457,-0.40155643812985575
0.2019589428549077,-0.8903596333279551,1.3946804940801811,0.4181917642397565,1.1985510811308595,-0.8005829415213046
-0.6816209555370919,-1.619708861528891,0.555519951859511,-1.1658679487896246,-1.2549823500479724,-1.0593986292469624
-1.2911981237381527,-1.399420283997153,0.7432566769385289,0.4181917642397565,1.1985510811308595,-1.0181268675834012
-1.1538186651225018,-1.2213631954222766,0.7204411084637607,1.4742315729260107,-0.028215634458556457,-1.0891031272249028
-0.1349949885422553,-1.1403243922888393,-0.08774139897435804,0.4181917642397565,-1.2549823500479724,-0.9744409724250965
-1.641894932651492,1.0226126772585378,-0.9793187429064565,-1.1658679487896246,-1.2549823500479724,2.0702627213533957
-0.831903540480979,0.595732221316206,-1.2375673757286152,0.4181917642397565,-0.028215634458556457,-0.19271368119341
-1.0470702612578173,-0.1427481396321601,0.9862621497883207,1.4742315729260107,1.1985510811308595,-0.4117898655010289
0.664323481107471,-1.512418051746594,-0.9537495713399061,0.4181917642397565,1.1985510811308595,-1.0701317859260278
-1.0818480155942574,0.1129235772958676,1.1517733641979528,-1.1658679487896246,1.1985510811308595,0.7651828889910698
1.500256746436261,0.4085439999938997,0.06557528745738041,0.4181917642397565,-1.2549823500479724,-0.04161170619973498
0.8467536045952284,0.9986434537965352,-0.25364598525424426,0.4181917642397565,-0.028215634458556457,-0.007203873559280419
-1.1287165431521655,1.450634524794298,0.5136258476773937,0.4181917642397565,1.1985510811308595,1.7747536742997176
-1.202037918082219,1.6058637815006005,1.4287071608572055,-0.6378480444464976,-1.2549823500479724,2.497274065986803
0.25543451768758824,1.147024360942265,-1.605271731449122,-0.6378480444464976,1.1985510811308595,1.9242939952062297
1.6966050951596987,0.3822919933450397,-1.3829182817876977,-0.6378480444464976,-0.028215634458556457,-0.19344122827401766
0.17941717157015105,-0.5353868477716309,-0.5887988187111816,0.4181917642397565,1.1985510811308595,-0.568039787262034
-1.072792949766713,-0.9599845205271056,0.8475985655235668,1.4742315729260107,1.1985510811308595,-0.883141162769247
-0.4863192135144471,-0.1895451949627365,1.469126120525868,0.4181917642397565,-0.028215634458556457,-0.6662365962628358
0.04268567757423195,-1.698464881475471,-1.2446480693931983,0.4181917642397565,1.1985510811308595,-1.1105400447413927
0.11815369216415857,0.2088004711438782,1.3679312069028668,1.4742315729260107,-1.2549823500479724,-0.34672584450951577
1.268784057649549,-0.33792610210846696,-1.1581062579371817,0.4181917642397565,1.1985510811308595,-0.48060920526214324
0.5820059462243947,1.2486082127574192,0.3631611073050011,-1.1658679487896246,-0.028215634458556457,1.0260268897899367
0.2278994461091253,-0.26259425694217287,0.2387572533369772,-0.6378480444464976,1.1985510811308595,-0.103703072705331
-0.43554097977320866,-0.6894747128845049,1.197601187082616,0.4181917642397565,-0.028215634458556457,-0.8826708293029956
-0.6903047773647476,0.22249717026502228,1.218941611043929,-0.6378480444464976,-1.2549823500479724,0.3063174754597444
-1.3601563542414699,-1.505569702186022,-0.8333777790419921,1.4742315729260107,-1.2549823500479724,-1.0917524274527721
1.305531734022299,0.24989056850731112,-1.2057042542379908,0.4181917642397565,-0.028215634458556457,-0.49746037148268196
-1.4698336129835052,1.6674989275457501,-0.4893740785043261,-0.6378480444464976,1.1985510811308595,3.3208059185117884
-0.9723680230366646,-1.5044283105925929,-1.5679997467424966,-1.1658679487896246,-1.2549823500479724,-1.018575154168422
-0.5109404991602039,1.5613495093568812,-0.6783892621616714,1.4742315729260107,-0.028215634458556457,0.19258128967162058
0.14075162951531897,1.4700381818825863,0.2397406830126141,-0.6378480444464976,-0.028215634458556457,0.9489252716465514
1.021745149044625,0.14031697553815645,-1.5151895731608138,1.4742315729260107,-0.028215634458556457,-0.6796998917342825
-0.06397642233475868,0.9370083077513854,-0.5311698397188795,-0.6378480444464976,-1.2549823500479724,1.1914666865438697
0.8591498664217713,-1.3902891512497235,-0.15284444350149762,-0.6378480444464976,-0.028215634458556457,-1.0653329147781812
0.22776793531949674,1.2155078565479869,-1.6628023674738603,-0.6378480444464976,-1.2549823500479724,1.5842906673491282
0.3650323219942231,1.147024360942265,1.610346621947277,-0.6378480444464976,1.1985510811308595,1.890529196601666
1.096939182822826,1.3387781486382861,-0.08793808490948532,-0.6378480444464976,1.1985510811308595,2.1189459095906216
0.8148608682062632,-1.27957416668714,0.15152704110801524,1.4742315729260107,-0.028215634458556457,-1.0910248803721645
0.589969198517211,0.3731608605976102,0.7586965228460226,-0.6378480444464976,-1.2549823500479724,0.38476762783839724
-0.3786557137385978,-1.2259287617959913,-0.6831097246047267,0.4181917642397565,-1.2549823500479724,-0.9892160573297599
0.9293533397143833,1.2805671773734228,-0.5316615545566978,-1.1658679487896246,-0.028215634458556457,1.022576552877358
0.8894233762134358,1.0579958166548271,-0.9018244844662962,-0.6378480444464976,-0.028215634458556457,0.434145292834385
-1.6222011919046269,1.6241260469954595,-1.4896204015942636,-1.1658679487896246,-0.028215634458556457,1.841548375467828
-0.6370538667976821,-1.1174965604202654,-0.5337267568755346,1.4742315729260107,1.1985510811308595,-0.9600443589815574
-0.24662847028001417,0.722426688186791,1.3115806864888921,1.4742315729260107,-0.028215634458556457,-0.3556842272495231
0.19334087642206643,1.2429012547902756,0.14159440138408605,-0.6378480444464976,1.1985510811308595,2.0992506956913437
1.52940556499579,1.1116412215459757,-1.1681372406286745,1.4742315729260107,-1.2549823500479724,0.26883042840742505
-0.740437786294371,-1.535245883615168,-0.8160694167507887,1.4742315729260107,-0.028215634458556457,-1.1267849217280919
-1.5887111473832993,-1.709878797409758,1.4592918237695027,-1.1658679487896246,1.1985510811308595,-1.075547969748329
-1.0784068165989786,0.3126671061458894,0.7293903185120535,-0.6378480444464976,1.1985510811308595,0.725663854385336
0.4765288133261187,1.0648441662153991,-0.7800758906224908,0.4181917642397565,-0.028215634458556457,0.06853451242801667
-1.357145305120601,-1.7030304478491858,-1.57213015138017,-1.1658679487896246,-1.2549823500479724,-1.0848370557067943
-1.2533230163251505,1.6321157881494608,1.1862917458127957,-0.6378480444464976,1.1985510811308595,3.182123686611315
0.5776455416057752,0.004491375920141812,-1.0247531939208652,0.4181917642397565,-0.028215634458556457,-0.6206289479572694
-0.8434052549572364,0.45077548895076147,-0.11576914472999997,-1.1658679487896246,-1.2549823500479724,0.9754219484054492
-0.9951769256128544,1.2155078565479869,0.7862325537638462,0.4181917642397565,1.1985510811308595,1.3963961220618955
-0.24482293673073985,1.6823370182603228,1.4408033458675353,0.4181917642397565,1.1985510811308595,2.002869079911856
1.13566226084812,0.6767710244496432,-0.5576240979935028,-1.1658679487896246,1.1985510811308595,1.4598103014413233
0.5985804154297591,-0.9805295692088221,0.6704828809414237,1.4742315729260107,1.1985510811308595,-0.9211830563325348
1.5452800132271942,0.7737893098910817,0.25744241717407185,1.4742315729260107,-0.028215634458556457,-0.3999139454781808
0.4824878959811592,-0.3345019273281806,-0.6969760830312022,-1.1658679487896246,1.1985510811308595,0.002511452102975307
-1.3445079401797393,0.745254520055365,-1.2086545432649003,1.4742315729260107,-1.2549823500479724,0.16789980613403688
-0.4609170825552707,0.2761425751561711,0.6841525534327718,-0.6378480444464976,-0.028215634458556457,-0.1631230921018273
-1.4352065480935146,-0.8892182417345263,0.5870880444474441,0.4181917642397565,-1.2549823500479724,-0.8230928072576804
1.619794574592315,0.9427152657185289,0.13982422796794003,0.4181917642397565,-0.028215634458556457,-0.09477041132675938
-0.6614408988494135,-0.4954381420016266,0.20541898733289804,-0.6378480444464976,-1.2549823500479724,-0.42381276473208057
-1.4492905317202895,-0.7568168168967978,0.5308358670010335,0.4181917642397565,-1.2549823500479724,-0.7550304104188146
-1.4619676238788517,-0.23063529232616942,0.9216508200989996,1.4742315729260107,-0.028215634458556457,-0.7680123489833944
0.593444645113955,-0.2568872989750294,0.8668737871660432,1.4742315729260107,-1.2549823500479724,-0.641011289654899
-0.5179160506267481,-1.5797601557588867,-1.3472197845620906,-1.1658679487896246,-1.2549823500479724,-1.0450093647638332
-0.9764571866516755,1.4106858190242937,-1.3788862201175875,1.4742315729260107,-1.2549823500479724,0.7829379773420603
-0.3064932776421453,1.6355399629297465,-0.2265033262066758,0.4181917642397565,-0.028215634458556457,0.6001583085003118
1.1080422552180222,-0.5673458123876344,1.5614701670681403,1.4742315729260107,-0.028215634458556457,-0.9311886659309925
-0.048652675534923674,-1.6459608681777511,-0.02116320993376357,0.4181917642397565,-0.028215634458556457,-1.1464139949836778
-0.9097935454465638,1.6195604806217445,-0.07407172648300994,0.4181917642397565,1.1985510811308595,2.016310328502072
-0.7945859840198389,0.13575140916444153,0.5005462329914274,-0.6378480444464976,1.1985510811308595,0.4481230155345441
0.26078947265277314,-0.5901736442562083,1.5305904752531525,-0.6378480444464976,1.1985510811308595,-0.42428309819833193
0.4906758125395912,-0.5890322526627797,-0.5164183945843311,1.4742315729260107,1.1985510811308595,-0.7486588617431901
-0.790547506854998,-0.6164256509050683,-0.682224637896654,0.4181917642397565,1.1985510811308595,-0.5955579695179464
-1.1827811767300571,0.6516604093942115,0.7214245381393972,-1.1658679487896246,-0.028215634458556457,0.4928046948284279
-1.156600940265579,0.7897687921990836,1.3956639237558175,-0.6378480444464976,1.1985510811308595,1.4874864863460548
0.3423878079050693,-1.2727258171265678,-0.36438016673092033,0.4181917642397565,1.1985510811308595,-0.9885252550512033
1.0403347471202344,1.0089159781373929,-0.7293309193596449,1.4742315729260107,1.1985510811308595,0.4599180969928801
-1.1268671726730153,-0.9679742616811063,-1.033899089904285,-0.6378480444464976,1.1985510811308595,-0.6831612520874762
1.6533161269069905,-0.374450633098185,-0.6923539635557104,1.4742315729260107,1.1985510811308595,-0.6540887647048111
0.9563171613003976,0.3400605043881779,-0.032866023073838346,-0.6378480444464976,1.1985510811308595,0.5678265571757326
0.06272189433575409,1.4403620004534397,0.6659591044334957,0.4181917642397565,-0.028215634458556457,0.39639000872709435
1.0252411442022487,0.0010672011398554714,-1.6489360090473848,0.4181917642397565,-0.028215634458556457,-0.6190930152315424
0.8976907472072678,1.462048440728585,-0.3937847140324531,-1.1658679487896246,-1.2549823500479724,2.49095396003405
-1.2786635016016883,0.09694409498786605,-0.39319465622707117,1.4742315729260107,-1.2549823500479724,-0.34788330577411875
-1.4191978492643642,0.6436706682402109,-1.4822446790269894,-1.1658679487896246,-1.2549823500479724,1.3621683389514903
0.6975957108834768,-1.6048707708143182,-1.5572803632780583,-0.6378480444464976,-1.2549823500479724,-1.0883498587828595
-1.4042302775197728,1.2360529052297036,0.7255549427770708,-1.1658679487896246,-0.028215634458556457,1.2546897929526333
0.16810724366210164,-1.2921294742148557,1.3080403396566005,1.4742315729260107,-1.2549823500479724,-1.0636463283640454
1.3855574194152878,0.9986434537965352,1.5257716698425332,-1.1658679487896246,-0.028215634458556457,0.6327876927215033
-0.8585687229822119,1.1299034870408347,-1.13116028482474,1.4742315729260107,1.1985510811308595,0.7687508092702112
1.1514079380980133,0.7852032258253687,-0.6580322678759949,0.4181917642397565,-1.2549823500479724,0.3257297543832304
-1.6413524506442745,0.03530894894271635,-1.3764276459284963,0.4181917642397565,1.1985510811308595,-0.012943411639629577
0.5933227236527372,-0.2089488520510244,1.2251372180004394,0.4181917642397565,1.1985510811308595,-0.3610342704281328
0.5331003713313037,-0.3767334162850424,-0.9995773942245695,-1.1658679487896246,-0.028215634458556457,-0.5346424366779788
1.6124244907568854,0.3628883362567518,1.5438667758742461,-1.1658679487896246,-0.028215634458556457,-0.01717641283589231
-0.8279952042017076,-1.4005616755905819,0.44232719619374383,1.4742315729260107,1.1985510811308595,-1.0609161895716641
0.37966426724444996,-0.8812285005805256,-1.504273503761248,0.4181917642397565,1.1985510811308595,-0.797885873050769
1.4908386560331799,-1.1015170781122636,-1.1727593601041661,-1.1658679487896246,1.1985510811308595,-0.7637756733069268
-0.6357825958312733,-0.5719113787613493,-1.3365987440652158,-0.6378480444464976,1.1985510811308595,-0.36563471964490435
-0.2261525143156716,1.2394770800099892,0.1903725132956589,-0.6378480444464976,-1.2549823500479724,1.6920484738435715
0.16044947997435996,-0.6986058456319344,-0.46016621713792044,-0.6378480444464976,1.1985510811308595,-0.4948882353391196
-0.5936292780431695,-1.3069675649294288,1.125122419988202,1.4742315729260107,-0.028215634458556457,-1.10115174781739
0.5040337470152922,0.11748914366958252,-0.7191032507330248,0.4181917642397565,1.1985510811308595,-0.06429794698595526
-0.36427583083515863,-1.6699300916397535,0.2611794499414907,0.4181917642397565,-0.028215634458556457,-1.1411447903695802
1.0048131348799583,-1.1608694409705558,1.3895666597668712,-0.6378480444464976,-1.2549823500479724,-0.914888671741217
-0.019636737669081625,1.5430872438620222,1.4027446174204008,0.4181917642397565,-0.028215634458556457,0.48604365125106375
0.5991297469572697,0.06840930515214866,-1.5301377042304893,-1.1658679487896246,-0.028215634458556457,-0.20470718458282092
1.2515438150716909,-0.36189532557046944,0.6581900099959671,-0.6378480444464976,-1.2549823500479724,-0.39438752724972687
-1.1992570128432005,-0.6734952305765031,1.3427554072065713,0.4181917642397565,1.1985510811308595,-0.6381378461345192
-1.5443769423338565,1.2771430025931365,1.1597391445706087,-0.6378480444464976,-0.028215634458556457,0.9044089439618966
-0.9398752686700199,-1.377733843722008,-1.6029115002275944,0.4181917642397565,1.1985510811308595,-1.0069233774380844
0.4848797484675272,0.08324739586672164,0.010503225621733425,0.4181917642397565,1.1985510811308595,-0.09492841397557811
1.4315820860730804,0.6893263319773587,-0.575522518090088,-1.1658679487896246,-0.028215634458556457,0.3088344944002305
-0.09675137693748166,-1.507852485372879,1.5455386063228282,-1.1658679487896246,1.1985510811308595,-0.9785931350568472
-1.610272067362077,0.1129235772958676,-0.70336837592284,0.4181917642397565,-0.028215634458556457,-0.479323137190362
-0.846205338853076,1.659509186391749,1.1476429595602788,-0.6378480444464976,-1.2549823500479724,2.531832552315666
0.10242445376296884,1.521400803586877,-0.5286129225622244,-1.1658679487896246,1.1985510811308595,3.426844068270251
0.5564873734202351,-1.7041718394426144,0.015518716967479945,0.4181917642397565,-1.2549823500479724,-1.1336268038699677
1.5759206573065712,-0.4052682061207598,0.29717297606978854,0.4181917642397565,-1.2549823500479724,-0.6356796188773147
0.04254457745619305,0.5181175929630544,-0.4977332307472368,0.4181917642397565,-0.028215634458556457,-0.28645334570543884
0.40860075067489154,0.9940778874228202,-0.14851735292869683,1.4742315729260107,-0.028215634458556457,-0.23164112448612423
1.5345796926252355,-1.2487565936645653,1.363604116330066,1.4742315729260107,-0.028215634458556457,-1.1012656567037478
1.180425245867914,0.18597263927530427,0.5458823410382725,-0.6378480444464976,-0.028215634458556457,-0.31652529170388827
-0.3880669546213861,-0.31852244502017907,-1.4690667213734596,-0.6378480444464976,1.1985510811308595,-0.11891909523460512
0.2757680036298336,-0.20438328567730948,0.5332944411901247,0.4181917642397565,1.1985510811308595,-0.33218225185777295
-0.3960521253791403,1.6458124872706048,0.3140879664907371,-1.1658679487896246,1.1985510811308595,3.869155948477649
0.3188871037792713,0.5169762013696257,0.2304964440616302,0.4181917642397565,1.1985510811308595,0.36182784791802586
0.8481084397092137,-0.5821839031022074,1.558028163203412,-0.6378480444464976,1.1985510811308595,-0.44844280554679306
1.1197795931923644,0.6197014447782084,1.269391553404084,-1.1658679487896246,-1.2549823500479724,0.995124511265137
-1.3021094095651407,1.0363093763796818,-0.29131134183112445,1.4742315729260107,-1.2549823500479724,0.42924721072100125
1.3966098053603146,1.163003843250267,1.4312640780138608,0.4181917642397565,-1.2549823500479724,0.703899908130593
0.04507205044436521,-0.9360152970651029,0.7041161758481941,0.4181917642397565,-1.2549823500479724,-0.8778572602343289
-0.6485747599307601,0.20081072998987726,-0.6473128844115563,-0.6378480444464976,1.1985510811308595,0.533418724535278
-1.1095310368110525,0.44278574779676055,-0.7858781257087466,-0.6378480444464976,1.1985510811308595,0.9292043363858382
1.393376831781948,1.5818945580385981,1.246575984929316,0.4181917642397565,1.1985510811308595,1.5929440682321125
0.685425483226608,0.1129235772958676,-1.5135177427122317,0.4181917642397565,-0.028215634458556457,-0.5537387103038269
1.04638835315532,-0.027467588695861925,-1.4850966250863353,-0.6378480444464976,-1.2549823500479724,-0.08921092277645944
-0.4454440162130451,0.6242670111519226,0.04875864000399525,-1.1658679487896246,1.1985510811308595,1.5926096905334497
-1.3258361478606124,-1.164293615750842,-0.5569356972205572,0.4181917642397565,1.1985510811308595,-0.9234171402972289
-0.589925057468634,1.2155078565479869,1.5995288955152749,-0.6378480444464976,-1.2549823500479724,1.715848082131934
1.3256652139719838,1.455200091168013,-0.6831097246047267,-0.6378480444464976,-1.2549823500479724,1.785905721722163
-1.1254712404372713,-1.6607989588923244,-0.2748880662479939,0.4181917642397565,1.1985510811308595,-1.1027023784639376
0.7396997121254703,-1.044447498440829,0.13421867881681163,-0.6378480444464976,1.1985510811308595,-0.7943069293310123
-0.21258361461494146,-1.2864225162477123,-1.510272424782631,-1.1658679487896246,1.1985510811308595,-0.8586581011627381
-0.1431924944290972,1.4711795734760147,1.5889078550184,-0.6378480444464976,-1.2549823500479724,2.0677126320910637
1.6923296245927149,0.18368985608844682,-1.459232424617094,-0.6378480444464976,-1.2549823500479724,0.09244068064232669
0.2727240768115575,-0.6244153920590692,1.5679608029273413,-1.1658679487896246,-0.028215634458556457,-0.688753810959622
1.1205371501367865,1.5442286354554509,1.620082575736079,-0.6378480444464976,-0.028215634458556457,0.9158586242809545
-0.2442914139559913,0.5112692434024823,1.4357878545217888,-1.1658679487896246,1.1985510811308595,1.3646302406888997
-0.863292152176368,-0.8915010249213838,-0.32012583132727535,-1.1658679487896246,-0.028215634458556457,-0.8147554116723333
0.07017554231876014,-0.8469867527776646,-0.25787473285948165,-0.6378480444464976,-1.2549823500479724,-0.7120279685786565
-0.8486081505719131,-1.2145148458617046,0.8901810704786298,-0.6378480444464976,1.1985510811308595,-0.8641661469901667
0.05135717026535961,-1.6105777287814615,-0.31933908758676616,0.4181917642397565,-0.028215634458556457,-1.1394361570742138
-1.057082890022344,0.5215417677433404,1.2094023431902545,0.4181917642397565,-1.2549823500479724,0.2371417111187364
-1.300124418584186,-0.16329318831387654,-1.4669031760870592,-1.1658679487896246,-1.2549823500479724,0.13743469075364304
1.3251898572636394,1.2999708344617105,0.9733792210374822,1.4742315729260107,-0.028215634458556457,-0.09093425399264626
-0.2768745819905059,-0.47489309331991014,1.598643808807202,0.4181917642397565,-0.028215634458556457,-0.7993703630536251
1.2293760275949401,-0.8001896974470881,-1.3418109213460896,0.4181917642397565,-0.028215634458556457,-0.9540770031284926
-0.5759671050152528,1.147024360942265,-1.3665933491721307,1.4742315729260107,-1.2549823500479724,0.4695378861698035
-0.18538279962678408,0.7361233873079351,0.5529630347028558,0.4181917642397565,1.1985510811308595,0.6617132008959647
0.47073822887029015,-1.695040706695185,-0.8346562376203196,0.4181917642397565,1.1985510811308595,-1.1225629439724445
1.5209724356108631,0.5283901173039127,0.8773964846953544,0.4181917642397565,-0.028215634458556457,-0.3591455876027169
-1.1991570098469202,-0.32308801139389365,-0.6865517284694548,-0.6378480444464976,1.1985510811308595,-0.08771173485278318
0.4383632862526872,-1.1357588259151246,-0.43056498390126025,0.4181917642397565,-1.2549823500479724,-0.9653723552789365
-1.5920687822310016,0.7726479182976531,0.9567592595192242,0.4181917642397565,-1.2549823500479724,0.5519491282095426
-1.1595613029362786,-0.18041406221530698,-1.2222258727886848,1.4742315729260107,1.1985510811308595,-0.4382387740172604
-0.7131109401328196,0.9118976926959538,-0.45170872192744616,1.4742315729260107,-1.2549823500479724,0.2646782657756743
0.8298722768807308,-0.8013310890405171,0.9768212249022099,1.4742315729260107,-1.2549823500479724,-0.9004075452529607
0.8064044504523402,0.883362902860237,1.344722266557844,0.4181917642397565,-1.2549823500479724,0.45683520810081035
0.7268280935905822,-0.09252690952129734,0.6891680447785183,1.4742315729260107,-1.2549823500479724,-0.5480212191047082
-0.5310411014124822,-0.42809603798933377,-0.5003884908714554,1.4742315729260107,1.1985510811308595,-0.6147608030697422
1.6999928678966907,-1.414258374711726,0.13530045146001193,-0.6378480444464976,1.1985510811308595,-1.0009890919068656
0.3198706948933676,0.38457477653189714,0.25773744607676297,-0.6378480444464976,-1.2549823500479724,0.41910931983516037
1.5049801756304169,-0.9702570448679638,-1.0951667586964422,0.4181917642397565,1.1985510811308595,-0.864996579516517
-0.2219934855936707,-0.014912281168146082,0.31920180080404753,0.4181917642397565,1.1985510811308595,-0.1386473794557286
0.2967467143836933,-1.006781575857682,1.3784539044321777,1.4742315729260107,1.1985510811308595,-0.9323498016758006
1.5612078877168856,0.7498200864290793,-0.5140581633628035,-1.1658679487896246,-0.028215634458556457,0.3662188517631075
-0.43147373462313626,1.0043504117636786,-0.7786990890765999,0.4181917642397565,1.1985510811308595,1.0363044109235708
1.3921959744834087,1.2702946530325645,-0.36919897214153935,-0.6378480444464976,-1.2549823500479724,1.4930386259359445
0.6601233552637121,-0.050295420564435846,-0.24941723764900736,-1.1658679487896246,-0.028215634458556457,-0.3050498900233949
0.9611789508044752,1.0123401529176792,-0.9205096483033905,-1.1658679487896246,-0.028215634458556457,0.7041938665470002
-1.0692805157603857,-0.2317766839195983,1.4319524787868065,-0.6378480444464976,-0.028215634458556457,-0.510041791704907
0.007743534750756409,-1.6299813858697496,1.2041901659093808,1.4742315729260107,-1.2549823500479724,-1.1271413463079853
1.4322136118441082,1.3285056242974278,-0.8964156212502951,1.4742315729260107,-0.028215634458556457,-0.08094701679521406
-1.2953050961059254,-1.4587726468554452,-0.4633131920999573,0.4181917642397565,1.1985510811308595,-1.0471221908817596
-1.0855193584713858,0.7692237435173674,-0.37116583149281246,0.4181917642397565,-0.028215634458556457,-0.06384231144052409
1.0237109613687592,0.9415738741251004,-0.23977962682776888,-1.1658679487896246,-0.028215634458556457,0.618218378708325
-0.585438621676621,-1.0307507993196847,0.6397998750615632,-1.1658679487896246,-1.2549823500479724,-0.7497795782057421
-1.634482381790245,-0.5194073654636294,-0.2656438272970104,0.4181917642397565,-1.2549823500479724,-0.6038769927022682
0.6549725160032629,0.49072419472076584,-0.7196933085384066,1.4742315729260107,-1.2549823500479724,-0.16314881346326288
1.541052489302262,-0.7887757815128013,0.10864950725026146,1.4742315729260107,1.1985510811308595,-0.8575484081408014
0.2733117656527098,-1.5158422265268798,-0.6383636743632638,-0.6378480444464976,1.1985510811308595,-1.0354887865524474
-0.8837379702514209,-0.3116740954596067,0.4130209918597743,-0.6378480444464976,-0.028215634458556457,-0.5647658253992994
0.8808970933525231,0.09808548658129462,0.6354727844887624,-0.6378480444464976,1.1985510811308595,0.25691776358252616
0.07336193915913339,0.5409454248316282,-1.7142357395096521,-1.1658679487896246,1.1985510811308595,1.3775423641295828
-0.39273010803696246,0.18026568130816079,-0.10298455894672445,-1.1658679487896246,1.1985510811308595,0.8077407187264118
1.214483800573573,-0.21123163523788152,-0.6749472582969435,1.4742315729260107,-0.028215634458556457,-0.8277410247171182
0.8384314374390517,0.5124106349959109,-0.6317746955364988,1.4742315729260107,-1.2549823500479724,-0.15031752858709163
-0.7707565029199701,-0.2991187879318912,-1.6866013656242649,1.4742315729260107,-0.028215634458556457,-0.8089754543097281
1.4526306619339302,0.7829204426385116,-0.14005985771822255,-0.6378480444464976,-1.2549823500479724,0.8054110982763855
1.300175409153056,-1.4542070804817306,0.2157449989270818,-1.1658679487896246,-1.2549823500479724,-1.0020693890871617
-1.5311984652898358,1.2725774362194215,1.4010727869718187,0.4181917642397565,-1.2549823500479724,1.156555450115318
-1.5238557795355792,-0.46576196057248065,-0.48357184341807047,-1.1658679487896246,-1.2549823500479724,-0.1965976067701893
-1.122087577412455,-0.37102645831789893,-1.3532187055834737,-1.1658679487896246,-0.028215634458556457,-0.48074516102973147
-0.38690390607560915,1.4380792172665824,0.6888730158758273,1.4742315729260107,-1.2549823500479724,0.7520870415401321
-0.18983224800921447,-0.03659872144329143,0.008241337367769386,-0.6378480444464976,-0.028215634458556457,-0.40153071676842006
0.49050046482008614,0.46333079647847697,0.8668737871660432,0.4181917642397565,-1.2549823500479724,0.08700244993879466
1.3781750064433305,-1.0433061068474,-1.5412504595651824,-0.6378480444464976,-1.2549823500479724,-0.8674033640508504
0.8835985441561415,0.7657995687370811,-0.6507548882762842,1.4742315729260107,-0.028215634458556457,-0.37906494479450514
-1.0259518202899773,-0.872097367833096,0.012273399037879463,-1.1658679487896246,-1.2549823500479724,-0.5955175502356904
0.39884292406527005,-0.7202922859070795,1.5755332114297431,0.4181917642397565,-0.028215634458556457,-0.9118204807699676
1.3708309507850154,0.8502625466508047,-0.489964136309708,-1.1658679487896246,-0.028215634458556457,0.4817334859704942
-1.3867092046098952,-1.3195228724571444,0.9814433443777019,1.4742315729260107,-0.028215634458556457,-1.0974625696914806
-1.2200411972207343,0.35603998669617976,0.06941066319236319,0.4181917642397565,1.1985510811308595,0.29627144657903065
-1.5181638281719716,-0.2934118299647477,1.2366433452053869,-0.6378480444464976,-0.028215634458556457,-0.5315044305828328
1.4943291715745688,0.46218940488504845,0.3479179473326347,1.4742315729260107,-0.028215634458556457,-0.5490537480423384
1.3078044048555664,-1.4462173393277296,0.3137929375880464,1.4742315729260107,-1.2549823500479724,-1.1025884695775798
-0.565336649520284,-0.13589979007158773,-0.015852689685325896,1.4742315729260107,-0.028215634458556457,-0.7635625534550315
1.4541800234242404,0.9039079515419531,0.2767176388165483,1.4742315729260107,1.1985510811308595,0.31472468616898835
-1.150355547662285,1.5613495093568812,0.9348287777525291,1.4742315729260107,1.1985510811308595,1.3224766037761173
0.8149553915863091,-1.635688343836893,0.8481886233289486,0.4181917642397565,1.1985510811308595,-1.1006042502668318
1.1920639507500346,-0.07198186083958087,1.039564038207822,-1.1658679487896246,1.1985510811308595,0.2776712277808695
1.0895553999468106,0.6482362346139258,-0.5262526913406967,-1.1658679487896246,-0.028215634458556457,0.2989464681683356
1.5883854143360463,0.6916091151642159,0.5374248458277983,1.4742315729260107,1.1985510811308595,0.1042578089818932
0.6414844406419918,0.3765850353778962,0.6330142102996711,-1.1658679487896246,1.1985510811308595,1.018464809527863
-0.20068051824950545,-1.4359448149868712,0.9127016100507068,-0.6378480444464976,-1.2549823500479724,-1.0253986639092725
0.7945794386182468,-1.3959961092168671,-0.5858485296842718,1.4742315729260107,1.1985510811308595,-1.0765070090818571
-0.062295550054819945,-0.15872762194016163,-1.5952407487576294,-1.1658679487896246,-0.028215634458556457,-0.348427128844472
1.7350446030448565,-1.0604269807488307,-0.86533924350018,0.4181917642397565,-0.028215634458556457,-1.0276511202749923
-0.9720680140478248,0.9644017059936743,0.88319871978161,0.4181917642397565,1.1985510811308595,1.0400964744952228
0.11236310770832966,-0.27743234765674585,1.5674690880895232,-0.6378480444464976,1.1985510811308595,-0.1135029114123037
0.012120378218079333,-1.1311932595414098,0.9997351363445415,-1.1658679487896246,1.1985510811308595,-0.7425408522017166
-1.629198661836109,-0.7956241310733736,-1.4783109603244433,0.4181917642397565,-1.2549823500479724,-0.7640255379608728
1.5418333346156812,1.2383356884165606,1.005635714398361,-1.1658679487896246,1.1985510811308595,2.4683889770945973
0.8813710801568092,0.8982009935748096,-1.0552395138655983,1.4742315729260107,-0.028215634458556457,-0.3037050302683323
1.2743773759209351,-0.9942262683299663,-0.9512909971508148,1.4742315729260107,1.1985510811308595,-0.9281388473607683
-0.5704874887807327,-1.1369002175085532,0.09822515268851384,-1.1658679487896246,-1.2549823500479724,-0.8158246854120142
-1.2765113823255807,-0.3870059406259008,1.691577913154856,-1.1658679487896246,-1.2549823500479724,-0.1331724039501458
0.24206699388347677,1.2919810933077098,1.5326556775719893,-1.1658679487896246,1.1985510811308595,2.8494252254019297
-1.338448854528419,0.7509614780225085,1.0617895488772078,1.4742315729260107,-0.028215634458556457,-0.2875924345690164
-1.3314952215268128,0.6037219624702065,-0.7654227884555064,1.4742315729260107,-1.2549823500479724,0.04179531997558313
-0.404938693007473,-1.1551624830034124,-0.2473520353301706,0.4181917642397565,1.1985510811308595,-0.919625076725577
-1.6169887069615398,-1.5934568548800312,-0.22512652466078434,-0.6378480444464976,-1.2549823500479724,-1.0750261935592063
-0.20980955889621553,-0.8846526753608116,-1.6416586294476745,-1.1658679487896246,1.1985510811308595,-0.5425462435991256
0.9322273984293894,0.7886274006056551,0.09379971914814964,0.4181917642397565,-0.028215634458556457,-0.16025699754185782
0.04088699354525062,1.3011122260551389,0.21230299506235403,0.4181917642397565,-0.028215634458556457,0.2842779431896198
0.8775435682169969,0.5934494381293481,-0.7603089541421961,1.4742315729260107,-1.2549823500479724,-0.09343290053210693
-1.1446841448595566,1.0260368520388234,-0.7932538482760207,0.4181917642397565,-1.2549823500479724,0.8097433104381856
-0.5074636826594011,-0.4486410866710502,-0.0062150788640878704,-0.6378480444464976,1.1985510811308595,-0.26220177635185055
-0.9548524297430216,0.047864256470432194,0.9617747508649708,-1.1658679487896246,1.1985510811308595,0.6568334911836066
-0.795807938440137,-1.5135594433400226,-0.3758862939358678,1.4742315729260107,-1.2549823500479724,-1.105689730870675
0.4713971527224909,0.08895435383386512,-0.8796973167644738,1.4742315729260107,-0.028215634458556457,-0.678777597202805
-0.17507975120182767,-0.4771758765067676,1.5845807644455991,-0.6378480444464976,1.1985510811308595,-0.3022425871467068
-1.2901035703953074,1.0237540688519662,-1.4619860277088763,1.4742315729260107,-0.028215634458556457,-0.11836792320384174
1.2040506112630471,-1.5226905760874523,-0.6866500714370184,-1.1658679487896246,-1.2549823500479724,-1.0415369809700241
0.610931470422367,1.0796822569299724,-0.42446771991231363,-1.1658679487896246,-0.028215634458556457,0.8220969128876952
-1.591956450098194,0.9335841329710991,1.0171418416033084,0.4181917642397565,1.1985510811308595,1.0561392550706419
-0.22646485244103912,-0.538811022551917,0.06557528745738041,1.4742315729260107,-0.028215634458556457,-0.9073890576426301
1.0445882992222804,1.6766300602931794,-0.9437185886484133,0.4181917642397565,-1.2549823500479724,1.3399524316315212
0.4514869671343626,1.2177906397348446,-0.08941322942294021,-1.1658679487896246,-1.2549823500479724,2.103292623916942
-0.34608898455278686,1.1550141020962663,-0.47432760446708677,-0.6378480444464976,1.1985510811308595,2.0289505404075783
-0.6189533244710037,-1.6482436513646086,0.24485451732592403,-1.1658679487896246,-1.2549823500479724,-1.06259542702539
0.10209704669295631,-1.6528092177383233,0.7070664648751034,0.4181917642397565,-0.028215634458556457,-1.142460254283002
-1.4562249860650747,-0.9485706045928186,-0.1323891062482574,-1.1658679487896246,1.1985510811308595,-0.5535880566154184
0.5167656353361993,1.1436001861619793,-1.0093133480133714,1.4742315729260107,-0.028215634458556457,-0.13881640554516272
0.4863428060021443,-0.9668328700876776,-0.4498402055437367,0.4181917642397565,-0.028215634458556457,-0.9982589531144843
0.5197931233057717,0.8605350709916632,1.632867161519354,0.4181917642397565,1.1985510811308595,0.7399098141404666
1.5502281066869656,0.6037219624702065,0.7466986808032567,0.4181917642397565,1.1985510811308595,0.3468506666020825
0.08211836590189658,1.1561554936896947,1.6483070074268478,1.4742315729260107,-0.028215634458556457,-0.11221316886031742
-0.8876353472982234,0.6231256195584941,-0.5880120749706722,0.4181917642397565,-1.2549823500479724,0.3275816924065951
1.0430266085954425,1.3250814495171415,0.8288150587189087,0.4181917642397565,-1.2549823500479724,0.9216790009258155
1.369928184010378,-0.19981771930359488,-0.4373506486631523,-0.6378480444464976,1.1985510811308595,-0.1113570149725317
-1.242392551841342,1.3182330999565695,1.0483165623209871,0.4181917642397565,-0.028215634458556457,0.39591600078063777
1.1103478037486962,-0.505710666342485,-0.1926733453647782,-1.1658679487896246,1.1985510811308595,-0.23469829201675846
-0.6976762311042355,-1.6219916447157485,-0.07013800778046372,-1.1658679487896246,1.1985510811308595,-1.048092253655903
0.6242031009423742,-0.18726241177587905,-1.6227767796754529,-0.6378480444464976,-1.2549823500479724,-0.21403301534333719
-0.27350050829410033,0.9689672723673886,1.3348879698014788,0.4181917642397565,-0.028215634458556457,0.040957538488822935
-0.2658948009605864,-1.485024653504305,-1.1549592829751447,-0.6378480444464976,1.1985510811308595,-1.0132618557918631
-1.0561157377569514,-1.2966950405885707,0.1724740931990739,-1.1658679487896246,-0.028215634458556457,-0.9872428614596271
1.6580573648539094,-0.4360857791433347,1.6464384910431382,-0.6378480444464976,-1.2549823500479724,-0.46921096766595666
-0.4336669510210029,-0.09024412633443989,-1.0842506892968766,-0.6378480444464976,-0.028215634458556457,-0.4318562019010207
1.1592163912322042,0.894776818794524,1.0463497029697142,0.4181917642397565,-0.028215634458556457,-0.09509009110460205
1.6425911480319764,0.7920515753859414,1.5889078550184,-0.6378480444464976,-1.2549823500479724,0.7948249208055237
0.6467517217474242,1.092237564457688,-0.0069034796370336,-0.6378480444464976,-1.2549823500479724,1.3415765518821707
-1.6552021806770238,-0.46005500260533716,1.306270166240455,0.4181917642397565,-1.2549823500479724,-0.5670587010472751
0.3589883052875474,-0.8481281443710934,1.1585590289598449,1.4742315729260107,-1.2549823500479724,-0.9150576978306512
0.3557443724767117,-1.5295389256480243,0.6544529772285482,0.4181917642397565,1.1985510811308595,-1.068831019933426
0.3093649006677342,1.4415033920468687,0.890082727511066,-0.6378480444464976,1.1985510811308595,2.4589308650466983
-0.838748951061953,1.1390346197882644,-0.5741457165441968,-1.1658679487896246,-1.2549823500479724,2.1771166057173876
-0.7168781762940523,-0.2934118299647477,-1.550494698516166,-0.6378480444464976,1.1985510811308595,-0.09327489788328808
-1.252070924015563,-0.8287244872828056,0.565157562680749,-0.6378480444464976,1.1985510811308595,-0.578596568891255
-1.0563047845170423,0.6801951992299289,0.10333898700182423,-0.6378480444464976,-0.028215634458556457,0.22625422627105746
0.6228921027582658,-1.1928284055865592,-1.2406160077230883,-0.6378480444464976,1.1985510811308595,-0.8791102579842642
-1.261058864544234,0.11064079410901015,1.1985846167582523,-0.6378480444464976,-0.028215634458556457,-0.24152180175760898
-0.7290470340468623,-0.9577017373402481,0.8928363306028484,-0.6378480444464976,-0.028215634458556457,-0.9089176414079472
-0.7137260270551447,0.29440484065103006,1.0187153290843267,-1.1658679487896246,-0.028215634458556457,0.08344922758047353
0.22241845997054654,-1.503286918999164,0.907489432769833,-0.6378480444464976,-1.2549823500479724,-1.0531887577003616
0.868826868691934,-0.06399211968557994,-0.1883462547919774,1.4742315729260107,1.1985510811308595,-0.4369343335444538
-0.5645955314245654,-1.4542070804817306,1.1255157918584564,1.4742315729260107,-0.028215634458556457,-1.1227393190222887
0.3286860275106519,0.7886274006056551,1.6478152925890297,-1.1658679487896246,1.1985510811308595,1.7900983036361702
1.5385469347790282,1.4791693146300153,-1.1586963157425636,1.4742315729260107,-1.2549823500479724,0.6011724650369165
-1.586213812284417,-0.7168681111267934,0.30543378534513554,-0.6378480444464976,1.1985510811308595,-0.4667858107305979
0.7308487620026611,0.5934494381293481,-0.4589861015271565,0.4181917642397565,-0.028215634458556457,-0.27163416703831433
1.4254380663701245,0.8673834205522352,1.0625762926177176,0.4181917642397565,-0.028215634458556457,-0.13096404134688727
0.8240351156869089,-0.916611639976815,-1.648050922339312,-0.6378480444464976,-1.2549823500479724,-0.7776578595217534
0.2884218074193989,0.6333981438993525,-0.3593646753851738,-0.6378480444464976,1.1985510811308595,1.0550552834101408
0.10954658496378632,-1.0512958480014012,-1.7029262982398314,-0.6378480444464976,-0.028215634458556457,-0.9670956864951233
-1.5015277132839688,-0.2557459073816008,1.6301135584275717,-0.6378480444464976,1.1985510811308595,0.005744994683453775
-0.36014420019433047,-0.08681995155415385,1.4016628447772006,-1.1658679487896246,-1.2549823500479724,0.17088715854077455
-1.200324168104873,0.007915550700427838,-1.5031917311180478,0.4181917642397565,-1.2549823500479724,-0.23297128632036654
0.544378791446004,0.49414836950105184,1.3007629600568904,-0.6378480444464976,-0.028215634458556457,-0.03992879426580416
0.008112038942527653,1.4517759163877266,-1.2501552755767629,0.4181917642397565,-0.028215634458556457,0.40671529810339474
1.4625679459752319,1.5396630690817366,-1.1879041771089691,1.4742315729260107,-0.028215634458556457,0.04439317748058123
0.09788459171266899,1.5784703832583118,0.9266663114447456,0.4181917642397565,1.1985510811308595,1.7834548434253688
0.11690022995051216,-1.1289104763545523,1.5421949454256638,-1.1658679487896246,-0.028215634458556457,-0.9334594946977376
-0.6735289322627644,-0.7374131598085099,0.03430222377213799,0.4181917642397565,1.1985510811308595,-0.684921328105714
-1.3908517944831924,-1.6516678261448945,-1.3482032142377274,1.4742315729260107,-1.2549823500479724,-1.1306063811413845
0.4864852760242419,-1.2944122574017132,0.4079071575464644,0.4181917642397565,1.1985510811308595,-1.0051559524594367
-0.2971792999475199,-1.010205750637968,1.55822484913854,1.4742315729260107,-1.2549823500479724,-0.9741029202462284
-1.1185285666681344,0.37087807741075274,-0.06305731411588045,0.4181917642397565,1.1985510811308595,0.31660969451419896
1.4120157464036676,-1.1620108325639844,-1.4824413649621169,-1.1658679487896246,-0.028215634458556457,-0.9730703913085983
-0.5262217789342215,-0.6689296642027884,-1.2971632140721903,-0.6378480444464976,1.1985510811308595,-0.4593927565579586
-1.4262761435353055,1.0306024184125382,-1.2795598228782958,1.4742315729260107,-1.2549823500479724,0.43722450724624984
-1.6631476242170777,-1.320664264050573,-0.9421451011673948,-1.1658679487896246,-1.2549823500479724,-0.9044311010775333
1.2198853322767509,0.9518463984659581,-0.7837145804223462,1.4742315729260107,-0.028215634458556457,-0.29281387094044803
-0.8252444368519783,-1.1403243922888393,-0.6389537321686457,-0.6378480444464976,-1.2549823500479724,-0.875141819362768
0.3413151730271618,-0.28542208881074677,-0.7129076437765143,-1.1658679487896246,1.1985510811308595,0.08107183888778079
1.0842045546938017,-0.18269684540216444,0.6401932469318182,-1.1658679487896246,-0.028215634458556457,-0.4171619555608692
1.5769576746789546,0.11977192685643998,-0.8792056019266553,-1.1658679487896246,-1.2549823500479724,0.2815110595951877
1.4522429790853377,1.0888133896774017,0.2800612997137127,-0.6378480444464976,-1.2549823500479724,1.2288214523088055
-1.313937161207352,-0.16671736309416257,0.6968387962484835,1.4742315729260107,1.1985510811308595,-0.41053686775109355
-0.9496604933608137,-0.924601381130816,0.7045095477184486,-1.1658679487896246,1.1985510811308595,-0.5558478619415482
1.2769116984294007,0.9564119648396731,-1.6357580513938552,-1.1658679487896246,-0.028215634458556457,0.6023593221431601
-1.6475129091959335,0.901625168355096,1.4307723631760423,-1.1658679487896246,-1.2549823500479724,1.8459357048327043
1.628046876641502,-1.4724693459765896,0.3652263096238379,-0.6378480444464976,-0.028215634458556457,-1.1034556469059809
-1.1655792914658403,-0.6563743566750726,-0.23948459792507817,1.4742315729260107,-0.028215634458556457,-0.9219620461360136
1.5738260740009262,0.34576746235532135,1.1859967169101044,-1.1658679487896246,-0.028215634458556457,-0.01479902414319957
1.3611621679392045,1.5225421951803062,1.5609784522303218,1.4742315729260107,-0.028215634458556457,0.037213243159837095
-1.2981860043412243,-1.6322641690566069,0.2686535154763286,-0.6378480444464976,1.1985510811308595,-1.0653035189365405
1.612835461974474,0.7144369470327898,-1.3059157381853557,1.4742315729260107,1.1985510811308595,0.13152245210365468
0.7636812525758465,0.48844141153390835,1.5904813424994186,1.4742315729260107,1.1985510811308595,0.0014899466059605604
-1.343953129035994,-1.631122777463178,-0.2872792801610146,-0.6378480444464976,-0.028215634458556457,-1.1173010883187569
1.3907246975244403,-1.0923859453648341,-0.756965293245032,-0.6378480444464976,-0.028215634458556457,-0.9849242644502157
-0.47833267285263426,1.080823648523401,-0.34254802793178885,-0.6378480444464976,-1.2549823500479724,1.465160344619933
0.43012742305220353,-0.2797151308436033,0.5719432274426411,-1.1658679487896246,-0.028215634458556457,-0.4512207125818403
-0.8938807399015173,0.6197014447782084,-1.578227415369117,1.4742315729260107,1.1985510811308595,0.23239060821355637
1.5879648537900466,0.9233116086302408,-1.6099921938921775,0.4181917642397565,-1.2549823500479724,0.4227691021194289
-0.9518002835003939,-1.601446596034032,-1.2499585896416356,0.4181917642397565,-1.2549823500479724,-1.1152801242059578
0.704534274940438,0.4678963628521919,-1.27670787681895,-0.6378480444464976,1.1985510811308595,0.768412757091343
-1.1004485729023354,-1.0786892462436897,0.43770507671825193,0.4181917642397565,-0.028215634458556457,-1.0160140414654748
-1.0713230427118028,-1.287563907841141,0.3396571380572877,-0.6378480444464976,-0.028215634458556457,-1.0300432068885053
1.4486182129462024,-1.6003052044406032,0.5156910499962304,0.4181917642397565,-0.028215634458556457,-1.147696388575254
-0.5804165533976833,1.112782613139404,0.45343995152843675,-0.6378480444464976,-0.028215634458556457,0.6230613436186324
-1.6341659339527015,-0.46119639419876574,-0.378443211092523,-0.6378480444464976,1.1985510811308595,-0.21305927808898847
-0.7469790781743291,0.3537572035093223,0.1731624939720192,-1.1658679487896246,-1.2549823500479724,0.8095706098685463
0.3539004816137956,-1.298977823775428,1.5640270842247956,-0.6378480444464976,-0.028215634458556457,-1.0441899556780985
-1.4914657679733314,0.4028370420267562,-1.6982058357967762,0.4181917642397565,-0.028215634458556457,-0.30259166276619026
0.3221255569738727,-0.6244153920590692,-0.1367161968210582,0.4181917642397565,-0.028215634458556457,-0.8732715089383776
-0.5343055827841973,-1.0992342949254061,-0.2228646364068203,-0.6378480444464976,1.1985510811308595,-0.8003000065455127
0.6660290116604655,-0.4338029959564772,-1.0392096101527224,-1.1658679487896246,-0.028215634458556457,-0.581444291050199
-0.12951400240367655,0.32522241367360494,0.5507994894164552,-0.6378480444464976,-0.028215634458556457,-0.13773610836486655
-0.41130600707198517,1.1561554936896947,1.6969867763708573,-0.6378480444464976,1.1985510811308595,2.0413151662977036
-0.3356694942828469,0.550076557579058,-0.9294588583516833,-1.1658679487896246,-0.028215634458556457,0.30374901379638725
-1.1442265969039747,0.12091331844986854,-0.08970825832563137,0.4181917642397565,-0.028215634458556457,-0.48013519731568666
-1.2119710924113454,0.9370083077513854,-1.5563952765699853,0.4181917642397565,-0.028215634458556457,0.07048566141691902
0.2786256234961356,1.423241126552009,-1.3011952757423,-0.6378480444464976,1.1985510811308595,2.434565386806752
-0.8507246523424966,0.6893263319773587,0.5595520135296207,1.4742315729260107,-1.2549823500479724,0.0897546356124064
-0.8166592481165441,-0.15644483875330417,1.6480119785241572,1.4742315729260107,-1.2549823500479724,-0.544706837959718
-0.031222016292915464,0.1460239335052999,0.9310917449851103,-1.1658679487896246,1.1985510811308595,0.7097092613348391
1.721655160775807,0.550076557579058,1.2651628057988473,1.4742315729260107,-0.028215634458556457,-0.5280504191900489
-0.7957558820859092,1.6047223899071719,1.146462843949515,-0.6378480444464976,-1.2549823500479724,2.4149583604323963
0.42178881704732274,1.0477232923139688,-1.514304486452741,1.4742315729260107,-1.2549823500479724,0.3011217604497485
-1.524118801114836,-0.09252690952129734,0.5113639594234296,0.4181917642397565,1.1985510811308595,-0.14841047336065039
0.1282389258437926,-0.6164256509050683,0.10668264789898814,1.4742315729260107,-1.2549823500479724,-0.8108861840163745
0.7322926408804576,-0.5262557150242014,1.0054390284632337,-0.6378480444464976,1.1985510811308595,-0.38130270323940446
-1.5538374997627553,0.8491211550573762,-0.9690910742798364,-1.1658679487896246,-0.028215634458556457,0.7566764673162882
0.1825268537832412,-0.8469867527776646,-1.2234059883994488,-1.1658679487896246,-1.2549823500479724,-0.6172961944112536
1.2359282787073673,-1.3343609631717175,0.5741067727290418,0.4181917642397565,1.1985510811308595,-1.0199567587255356
-1.2012776213296794,-0.7180095027202223,0.19883000850613322,1.4742315729260107,-0.028215634458556457,-0.9553153029576077
1.6178287622681806,1.062561383028542,0.6878895862001908,0.4181917642397565,1.1985510811308595,0.8657460632439489
-1.2720879621202643,0.5204003761499117,-0.34638340366677145,-0.6378480444464976,1.1985510811308595,1.0673574431367792
-0.41944186727618904,1.0910961728642594,0.5119540172288115,-0.6378480444464976,-1.2549823500479724,1.4871851789692374
1.0549584729461097,-0.9074805072293856,0.8301918602647997,-0.6378480444464976,1.1985510811308595,-0.7073209594359374
-0.36685399027350024,1.4586242659482993,0.661533670893131,1.4742315729260107,-0.028215634458556457,0.11615210140576679
1.3937371165493675,0.25788030966131203,1.3933036925342897,-0.6378480444464976,-0.028215634458556457,-0.26644212650852334
1.072717909162189,-0.6221326088722118,0.2746524364977116,-1.1658679487896246,-1.2549823500479724,-0.46743251924669366
0.8431343180723285,0.9164632590696687,1.6346373349354997,1.4742315729260107,-1.2549823500479724,0.15830206383834425
0.2848764957156643,-1.5409528415823113,-1.6344795928155276,1.4742315729260107,-1.2549823500479724,-1.1167462418077883
0.44479361590389616,-0.45777221941847973,-1.0297686852666115,-1.1658679487896246,1.1985510811308595,-0.13547997751894172
-0.193173444008213,0.7543856528027941,-0.5081575853089841,-0.6378480444464976,-1.2549823500479724,0.9538086558391149
1.1335978154317647,-0.3858645490324719,0.6100019558897757,-1.1658679487896246,-1.2549823500479724,-0.25353735202825034
1.0443102086983782,-0.5741941619482067,-1.3374838307732888,1.4742315729260107,-1.2549823500479724,-0.8037944372205523
1.699566827734457,0.029601990975572867,1.300172902251508,1.4742315729260107,1.1985510811308595,-0.40913689079295457
-0.24947787072196456,0.74068895368165,-1.1708908437204568,-0.6378480444464976,-0.028215634458556457,0.21515729605168832
-0.8665662228764938,-0.034315938256433975,0.603708005965702,0.4181917642397565,-1.2549823500479724,-0.2703517734467382
-0.7517751122835926,-1.0044987926708246,1.5284269299667523,-1.1658679487896246,-0.028215634458556457,-0.874936048471283
-1.3095082613858016,-0.5376696309584884,-0.36634702608219344,0.4181917642397565,1.1985510811308595,-0.5293181148608047
-1.3555671756450594,1.1892558498991272,0.6542562912934209,-1.1658679487896246,-1.2549823500479724,2.374076093670575
0.5044707464099953,-1.164293615750842,0.5313275818388519,-1.1658679487896246,-0.028215634458556457,-0.9537169040683938
-1.4861861577313713,-0.9976504431102525,-0.04653569556518645,1.4742315729260107,-1.2549823500479724,-0.9452398782352532
-0.4598896545112983,0.1654275905935875,-0.8426220179929758,-0.6378480444464976,-1.2549823500479724,0.23130663655305486
0.7600318281636566,0.6391051018664959,0.7718744804995523,-0.6378480444464976,1.1985510811308595,1.0158816499436856
-0.7005160422177755,1.6104293478743155,-0.36919897214153935,0.4181917642397565,1.1985510811308595,1.9629495269637676
1.389886316240559,1.5362388943014502,0.009618138913660845,-1.1658679487896246,-1.2549823500479724,2.5256888214127575
1.3127867459168034,-0.5958806022233518,-0.6407239055847914,0.4181917642397565,-0.028215634458556457,-0.8723565633673105
0.41643797179431385,0.6516604093942115,1.5867443097319998,-1.1658679487896246,-1.2549823500479724,1.1289894996167391
0.14498052334431,1.5704806421043112,0.06498522965199854,0.4181917642397565,1.1985510811308595,1.7618195039778037
-0.9984578458332732,-0.9360152970651029,0.05849459379279714,0.4181917642397565,-0.028215634458556457,-0.9720194899699428
-0.27354845493615243,-0.3790161994718999,1.2211051563303297,1.4742315729260107,-0.028215634458556457,-0.8582024656173071
1.0928568687281086,0.6436706682402109,-1.370527067874677,-0.6378480444464976,-0.028215634458556457,0.03714342803594043
0.9769849038329481,0.9221702170368121,1.2541483934317177,-1.1658679487896246,-0.028215634458556457,0.5874960497135747
0.7216402669205506,-1.6334055606500355,-0.3886708797191431,-1.1658679487896246,-0.028215634458556457,-1.1187635314403823
-0.602417212579281,1.289698310120852,-1.185642288855005,-1.1658679487896246,-1.2549823500479724,2.4361417388147353
