V,f,ap,D,work_material,Ra,timp
193.635,0.1055,1.416,16,2,7.8478,14.7503
337.6786,0.2126,1.3644,10,0,40.1404,2.6247
282.9985,0.3119,3.6719,10,2,104.7469,2.1345
249.6646,0.2697,1.3734,20,2,40.2781,5.5966
139.0047,0.292,1.4518,16,0,54.5161,7.4274
138.9986,0.2476,3.1579,12,1,34.6929,6.5681
114.5209,0.2577,2.0741,20,0,34.6399,12.7685
316.544,0.3048,3.2185,16,2,60.7503,3.1247
250.2788,0.1249,0.7288,16,2,10.7649,9.643
277.0181,0.1968,2.2065,12,2,34.8553,4.1464
105.1461,0.1164,0.6176,20,0,7.253,30.7966
342.4775,0.3463,0.7193,16,2,77.084,2.5417
308.1107,0.3332,3.6725,16,2,73.204,2.9361
153.0848,0.0618,0.9874,16,0,2.1271,31.8481
145.4562,0.2617,2.3635,12,1,38.6366,5.9398
145.8511,0.3276,1.9388,20,1,36.5144,7.8866
176.0606,0.1042,1.7157,20,2,6.3518,20.5445
231.1891,0.2204,3.6494,20,0,23.0431,7.3954
207.9863,0.3246,0.5764,20,2,59.6363,5.5804
172.8073,0.0602,2.8233,10,0,3.6479,18.115
252.9632,0.2592,3.8719,10,0,63.2043,2.8731
134.8735,0.1392,2.4606,20,1,6.4805,20.0692
173.0362,0.3273,3.7789,12,1,59.5548,3.9917
191.5905,0.3413,0.6829,10,0,115.0338,2.881
214.0175,0.3333,1.9658,16,2,78.4654,4.2261
296.294,0.1923,1.4106,10,1,22.483,3.3072
149.9184,0.3086,3.0579,16,2,70.4817,6.5153
228.5586,0.3034,3.9345,20,1,29.4253,5.4344
248.1036,0.1457,1.3979,10,1,13.4044,5.2107
111.6126,0.2987,2.7896,12,2,90.4735,6.7819
251.8862,0.0611,1.1933,10,1,2.2477,12.2411
142.631,0.2289,2.4787,10,1,35.3996,5.7711
116.2629,0.119,2.1238,10,2,17.4134,13.6171
337.2214,0.0862,3.902,20,1,2.3513,12.967
341.408,0.0731,2.6298,12,1,2.4489,9.0605
302.0993,0.2589,1.7233,10,1,40.6149,2.4089
176.1534,0.152,0.8993,12,2,22.5285,8.4457
124.418,0.2674,1.0294,20,0,37.0485,11.3245
271.0583,0.0696,1.2886,16,2,3.3558,15.9767
210.0381,0.1446,1.3784,10,0,20.3149,6.2037
130.5096,0.2118,3.4772,12,1,25.9062,8.1771
223.7942,0.2872,2.4643,12,0,66.2579,3.5172
108.5971,0.1456,2.3319,20,2,12.8375,23.8262
327.3301,0.2378,0.9017,10,2,58.8884,2.4207
164.695,0.3158,3.5105,16,1,41.7625,5.7959
265.6306,0.2348,3.0299,12,0,42.9505,3.6254
177.9278,0.1199,0.7368,10,1,9.5689,8.8321
230.017,0.0573,2.9774,16,1,1.3874,22.863
236.6776,0.311,2.4024,12,2,89.6097,3.0712
146.2136,0.0564,0.786,12,0,2.4781,27.4248
342.3962,0.3124,2.1041,16,0,53.915,2.818
293.7832,0.2087,2.1964,16,0,24.9237,4.9169
334.8747,0.3317,1.0802,20,0,48.8399,3.392
323.7068,0.2896,3.8099,10,1,49.7003,2.0095
249.475,0.3494,3.4749,10,1,77.0918,2.1615
330.4686,0.1552,2.8416,20,2,12.4105,7.346
122.1231,0.2802,2.118,12,1,44.9883,6.6079
148.9957,0.1706,1.9412,16,1,12.3047,11.8604
111.3068,0.194,2.7784,16,2,28.4402,13.9624
181.3326,0.2383,2.409,16,2,41.1031,6.9773
197.1693,0.3121,0.718,12,2,92.9757,3.6739
167.8373,0.3452,2.2938,16,1,49.9424,5.2025
307.1844,0.2805,3.3224,16,1,29.8913,3.4986
189.1883,0.1753,2.1073,20,2,17.9313,11.3595
170.2336,0.1764,0.6818,12,2,29.9407,7.5284
235.674,0.2713,3.252,10,2,81.8536,2.9469
135.2311,0.1216,1.2048,20,1,4.7153,22.9078
300.5492,0.0831,1.4052,20,1,1.9169,15.079
118.6377,0.1564,1.0765,10,0,25.2631,10.1545
346.7217,0.1362,1.6558,20,1,5.4841,7.9807
293.0612,0.1389,3.1486,12,1,9.7268,5.5542
149.6789,0.1201,2.3179,16,1,6.0259,16.7711
101.3805,0.0626,1.2171,12,2,4.0276,35.6073
303.8654,0.0554,3.5724,10,1,1.5975,11.1992
276.7143,0.3463,3.5785,10,2,129.4863,1.966
282.2518,0.1783,3.547,20,0,14.5921,7.4859
292.8176,0.1653,1.3358,12,0,20.8044,4.6709
118.5112,0.2539,2.0793,12,2,65.0047,7.5136
189.6164,0.1155,3.9475,10,2,15.5842,8.6042
128.9673,0.335,3.202,12,2,112.4791,5.233
315.7759,0.2859,0.5951,10,1,48.8722,2.0868
255.8245,0.0768,0.7282,12,0,4.5884,11.5034
182.7245,0.1753,2.1238,12,2,29.5821,7.0591
115.8896,0.3137,3.6823,12,1,56.7321,6.218
177.7456,0.3334,2.3855,10,0,110.7179,3.179
181.2958,0.1902,2.2423,20,1,11.699,10.9261
282.4015,0.234,0.8692,12,0,42.2259,3.4209
259.3894,0.1001,2.7987,10,1,6.524,7.2552
321.8032,0.3474,3.3774,10,0,107.9118,1.6855
218.0537,0.1195,1.8315,12,0,11.4687,8.6761
129.8986,0.3328,3.2146,12,1,63.3508,5.2294
278.3112,0.2449,3.8757,20,2,32.5197,5.5284
290.1963,0.2323,1.2132,10,0,49.4372,2.7945
240.3193,0.2038,2.3317,10,2,46.2631,3.8466
292.7418,0.1192,1.505,16,1,5.4909,8.6385
223.4489,0.103,3.275,10,2,12.2711,8.1892
230.6832,0.1161,2.5216,20,2,7.4934,14.0634
206.8853,0.1059,2.721,16,2,7.6828,13.7545
106.3548,0.2839,3.2927,16,2,61.2217,9.9843
126.9729,0.155,1.8859,16,2,18.0739,15.3127
107.8573,0.0674,3.7028,12,0,4.1027,31.1212
259.1026,0.3407,2.3656,12,0,90.7124,2.5608
178.589,0.3151,1.0528,10,0,98.7781,3.3476
227.1427,0.3283,2.9356,16,1,43.2668,4.042
326.8916,0.3485,3.2764,20,2,62.9825,3.3078
162.3231,0.1022,1.6087,12,0,8.6624,13.6322
202.5957,0.1689,3.5001,20,1,9.1234,11.0134
288.8878,0.2775,3.6715,20,0,35.5068,4.7007
157.1995,0.2588,1.4692,12,0,56.6044,5.5569
119.245,0.0962,3.9423,12,2,9.0831,19.7146
172.4379,0.2947,0.9925,12,1,48.2099,4.4481
140.3053,0.1173,1.2071,12,2,13.8871,13.7332
332.4244,0.1171,1.1448,16,2,8.9385,7.7408
302.0301,0.2111,3.629,16,0,25.2305,4.728
258.3509,0.2279,2.79,16,2,35.3299,5.1201
317.8651,0.224,1.0324,16,1,18.9409,4.2331
300.918,0.0774,2.0411,10,2,6.4173,8.0841
146.6425,0.3132,2.6535,16,2,72.5649,6.5625
323.1397,0.1297,0.7921,12,2,14.7919,5.3951
234.8356,0.0889,3.5885,20,0,3.5323,18.0579
301.86,0.3166,3.3126,16,1,37.9244,3.1539
324.0228,0.3367,2.2682,10,0,101.2151,1.7269
179.5009,0.3086,3.8849,12,0,79.1755,4.0808
127.513,0.2929,1.9622,20,0,44.161,10.0903
156.9838,0.2466,3.9444,20,0,30.6667,9.7344
206.7769,0.2153,2.8377,16,0,28.0388,6.7724
304.5037,0.0761,2.7213,20,1,1.6543,16.2613
315.1826,0.1725,1.0808,16,2,19.3995,5.5432
101.738,0.1618,3.5867,16,0,17.0468,18.3114
227.6868,0.1279,1.9962,12,0,13.1015,7.7618
204.3528,0.267,1.0678,12,1,38.3346,4.1431
155.527,0.1988,0.5441,10,1,26.4044,6.0945
129.9663,0.0743,2.4591,12,2,5.5083,23.4078
184.4038,0.1161,2.3459,12,1,7.4329,10.564
335.7274,0.255,3.0177,16,2,41.9186,3.5214
180.8007,0.0728,3.6159,12,0,4.3862,17.1671
229.6977,0.3054,0.7779,16,0,55.8403,4.2976
275.7547,0.1985,3.0602,16,2,26.6417,5.5058
190.9074,0.1942,1.1559,12,1,20.7263,6.0988
342.9455,0.2277,3.5036,10,2,53.3007,2.4124
340.6118,0.2974,3.3667,10,1,51.8796,1.8598
162.9456,0.1543,2.3928,20,0,12.1188,14.9824
224.3121,0.2534,2.9858,20,1,20.6359,6.6289
175.2196,0.2197,1.6002,12,2,46.996,5.8723
171.2101,0.1301,2.1491,10,2,19.9675,8.4576
109.2217,0.3136,3.3757,16,0,63.9212,8.801
252.3911,0.2892,2.1074,20,1,26.1751,5.1617
225.6698,0.2475,1.7523,16,1,24.6834,5.3962
112.8697,0.3052,2.2297,20,1,32.0666,10.9392
169.6616,0.3102,3.3989,12,0,80.4928,4.2959
327.0665,0.2625,1.6732,10,1,40.884,2.1943
159.8905,0.3011,1.1082,20,2,53.4005,7.8266
136.2237,0.2592,2.992,10,1,45.8907,5.3349
222.3632,0.254,3.3909,16,0,38.6889,5.3362
346.4126,0.2356,0.8522,12,1,27.2147,2.7703
160.5138,0.2758,1.3396,10,1,51.516,4.2555
268.0339,0.0976,0.9969,12,2,8.5544,8.6438
290.4049,0.3143,1.7178,10,1,60.3083,2.0644
159.4094,0.3116,2.0762,16,2,70.9749,6.0695
282.0541,0.0588,3.1209,16,2,2.5265,18.1837
191.9458,0.2977,2.779,12,0,72.9525,3.9558
258.0765,0.0887,2.6732,16,2,5.1241,13.1741
258.3824,0.1505,1.7333,20,2,12.1046,9.6874
233.9437,0.2731,3.4451,10,0,71.0026,2.9493
122.5724,0.0982,2.1495,16,2,7.3729,25.0365
308.8256,0.2954,3.9269,20,0,39.5434,4.1305
180.195,0.2996,2.7195,12,1,49.4356,4.1872
146.6296,0.2022,0.9419,20,0,20.8805,12.7064
110.1938,0.0519,2.8666,12,2,2.7565,39.519
247.7232,0.1361,1.6379,12,0,14.559,6.705
269.3911,0.2351,2.9021,10,2,60.1964,2.975
104.147,0.3444,0.7437,10,1,82.5964,5.2532
228.0233,0.2395,1.1121,20,0,27.7262,6.8984
156.6239,0.1279,3.4951,10,1,10.9164,9.4018
261.2932,0.2402,1.2951,10,2,63.3459,3.0018
143.5916,0.212,3.4296,10,2,53.3034,6.1891
272.7344,0.284,1.4775,20,1,24.9179,4.8655
196.6838,0.0821,2.7501,16,0,4.1465,18.6689
334.1825,0.2783,2.9295,10,0,68.6391,2.0257
134.3802,0.2124,2.2943,10,2,54.0611,6.6013
185.2666,0.3389,1.5686,20,1,37.7202,6.0013
128.3684,0.1526,1.2443,16,1,9.9847,15.3921
331.1734,0.2398,0.6162,10,0,51.0889,2.3725
319.3348,0.3296,1.5638,12,0,81.0821,2.1479
164.4854,0.0808,2.7861,20,0,3.337,28.3678
264.996,0.3312,3.7841,10,1,68.1243,2.1468
304.3056,0.2564,3.5492,10,0,59.5612,2.415
238.8002,0.0704,3.1812,12,0,3.8169,13.4573
232.4126,0.1403,3.2596,12,2,18.269,6.9339
160.4631,0.2625,2.8274,20,0,34.9218,8.9472
123.2757,0.0702,1.411,20,0,2.7674,43.5376
324.3039,0.2247,3.6752,12,1,25.228,3.1031
325.1045,0.1538,2.8476,20,1,6.9641,7.5376
258.2754,0.2363,2.4615,12,2,51.1116,3.7048
184.7574,0.0637,0.8885,10,0,4.0395,16.0024
187.3024,0.3115,2.0647,12,2,93.2722,3.8754
281.4889,0.342,2.1113,12,1,59.9786,2.3481
324.2776,0.3407,3.526,16,2,75.8307,2.7287
321.7716,0.2749,2.4133,12,1,37.7687,2.5559
294.9689,0.089,1.8314,12,2,7.1508,8.6093
260.5079,0.2775,3.9188,16,2,52.6156,4.1701
121.035,0.0574,0.8875,20,0,1.71,54.2587
140.4072,0.0566,1.9789,16,2,2.4694,37.9063
324.6385,0.1471,0.6471,10,0,19.2351,3.9456
251.6073,0.1966,3.0897,16,0,22.9405,6.0941
102.2993,0.2811,3.7133,10,0,82.7158,6.5511
125.3679,0.255,1.4801,20,0,33.6166,11.787
265.8754,0.1838,3.5042,16,2,22.6537,6.1694
101.2654,0.1321,1.5228,16,1,7.5441,22.536
140.202,0.3491,3.6877,20,1,41.8321,7.6977
237.1834,0.1779,3.1389,10,1,20.2729,4.4661
272.9738,0.1854,3.3172,16,2,23.5166,5.9557
262.9903,0.0991,0.563,10,0,9.0889,7.2298
156.0673,0.2884,3.8698,16,1,35.0547,6.6962
278.0448,0.2581,3.0433,12,2,60.1261,3.1503
159.3123,0.1162,1.5666,16,0,8.6101,16.2791
181.3499,0.0747,3.4029,20,1,1.9241,27.8093
286.6229,0.2541,1.4853,20,0,29.9364,5.1726
262.4082,0.2464,3.5546,10,1,37.7272,2.9144
312.3059,0.132,0.894,16,1,6.5142,7.3134
264.4032,0.3353,2.9629,10,1,69.7925,2.1254
242.0772,0.0953,2.3924,10,0,8.4718,8.165
123.4187,0.1797,0.8379,12,2,32.6115,10.1937
191.929,0.3331,1.3466,12,0,90.9902,3.5364
166.3006,0.1759,0.5434,20,1,10.4631,12.8797
160.9974,0.2416,2.1407,10,0,59.025,4.8444
343.2526,0.1693,1.5544,20,2,14.6783,6.4848
198.2744,0.1323,2.5943,16,0,10.8062,11.4945
323.0116,0.3452,1.5403,10,2,124.3787,1.6897
257.7847,0.1728,1.5497,10,2,32.5475,4.2294
298.7028,0.3182,3.1012,16,0,57.5624,3.1712
225.6593,0.119,0.6685,16,1,5.5246,11.2267
244.226,0.1139,3.6601,20,2,7.1055,13.5418
223.1294,0.0593,3.4829,20,0,1.8043,28.458
148.8107,0.2455,2.8373,16,2,44.5536,8.2512
280.613,0.1606,2.5763,20,1,7.9309,8.3632
170.1931,0.3093,3.6231,16,0,59.6898,5.7262
106.079,0.192,1.1487,10,0,38.7194,9.252
261.3681,0.3405,0.7764,10,0,108.5324,2.1172
144.2777,0.1057,1.3383,12,1,6.5483,14.8307
335.1146,0.3106,3.281,10,2,99.6557,1.8101
338.4821,0.283,0.6213,16,0,43.9847,3.1471
328.7161,0.2813,2.5398,20,2,41.0443,4.0753
192.5397,0.3034,3.984,12,2,88.033,3.8697
103.8642,0.2783,3.4949,20,1,27.1278,13.0353
332.0796,0.2379,2.3251,16,0,31.3467,3.8162
207.046,0.0894,0.7227,10,2,9.111,10.1814
341.6637,0.0598,3.4098,12,0,2.5658,11.0731
340.905,0.3263,2.5964,16,0,58.5507,2.7103
313.2524,0.235,0.9023,12,1,27.4875,3.0712
173.6122,0.289,0.8285,12,0,69.6012,4.5065
196.2744,0.1945,3.6837,10,0,37.1298,4.9362
312.7842,0.0852,2.8422,16,2,4.7213,11.3124
179.2305,0.0876,3.4025,20,1,2.5116,24.0112
142.3732,0.2557,3.5764,12,0,55.4785,6.2109
239.2003,0.1791,2.5012,12,2,29.6569,5.2775
334.0387,0.1102,2.3111,20,1,3.6153,10.24
274.0074,0.1975,2.0065,16,1,14.9272,5.5708
242.5153,0.0693,1.6093,12,2,4.2986,13.4593
124.2941,0.2246,2.0211,12,2,50.8649,8.0988
253.7518,0.1307,3.2086,12,2,15.596,6.8169
347.5135,0.2893,2.6067,16,2,53.4104,2.9987
135.021,0.1431,3.6238,16,2,15.1124,15.6003
229.5824,0.1866,2.0518,20,0,16.8226,8.7971
319.3433,0.0535,2.6248,16,0,1.4445,17.6483
285.1922,0.0717,2.7096,16,1,1.971,14.7346
274.2539,0.1677,2.5709,10,0,25.8578,4.0952
275.621,0.194,2.9592,20,0,17.5649,7.0475
189.8728,0.23,1.331,12,0,43.693,5.1768
173.398,0.1375,2.2933,16,2,13.8392,12.6432
302.3403,0.2585,0.8648,12,1,33.49,2.8928
302.5283,0.308,1.8458,12,1,48.003,2.426
316.7681,0.284,2.2068,10,1,48.1609,2.0945
328.3101,0.0619,2.7828,16,1,1.2449,14.8363
227.8356,0.1942,3.8269,20,0,18.0458,8.5182
225.3791,0.0815,2.6023,16,0,3.9321,16.415
299.5738,0.1226,3.1026,12,2,13.2296,6.1549
262.491,0.346,2.2719,20,1,37.5524,4.1488
275.4917,0.0927,2.7194,16,0,5.2866,11.7974
298.9482,0.1997,0.7483,12,0,30.0513,3.7876
322.5013,0.2354,1.3904,12,2,48.0925,2.9774
184.4988,0.2607,1.7665,10,2,78.6117,3.9163
193.8957,0.2179,2.1537,10,2,54.4616,4.4593
123.4955,0.0529,0.6598,10,0,2.9556,28.8216
244.57,0.1479,0.9901,12,0,17.4418,6.2485
108.9856,0.2053,1.4689,16,2,32.1929,13.4715
216.3995,0.0764,3.9004,10,1,3.8563,11.4014
235.6612,0.1552,1.6597,16,2,17.0201,8.2424
171.6353,0.06,2.1871,10,2,3.9556,18.3065
247.7083,0.0736,1.1863,20,2,3.211,20.6751
107.6251,0.1691,2.6377,20,2,17.3586,20.7068
109.337,0.0898,1.4824,10,0,8.5351,19.1852
305.6501,0.2203,1.2245,12,1,24.2662,3.3581
190.0477,0.2568,2.308,10,2,75.8216,3.8597
131.7651,0.2902,0.5193,10,1,57.7926,4.9274
230.5608,0.11,0.5268,12,1,6.1599,8.9106
292.4984,0.1002,1.2667,20,1,3.2142,12.8507
153.9553,0.0814,0.6285,16,2,5.076,24.0625
255.7226,0.2409,0.8781,10,0,54.6484,3.0579
121.3369,0.2619,1.686,12,2,69.0684,7.1132
112.9204,0.0595,3.309,10,1,2.3298,28.0523
232.8387,0.3309,2.5022,12,1,58.3039,2.9347
235.1588,0.0656,2.2943,16,0,2.6211,19.5431
259.3575,0.2124,1.5272,16,2,30.7293,5.4723
281.5228,0.2627,3.7611,20,1,21.1752,5.0946
343.963,0.3113,1.8896,12,0,70.975,2.1115
229.0751,0.2642,0.8048,12,1,37.1623,3.7352
180.7391,0.2905,2.6597,20,0,41.721,7.176
298.7965,0.1518,0.8984,20,0,10.6041,8.3055
167.7081,0.2944,1.7083,12,2,84.474,4.5783
209.7429,0.074,2.2759,20,1,1.7803,24.2655
119.6141,0.3184,3.5598,16,2,76.5379,7.9138
106.3377,0.2143,2.2274,10,1,32.076,8.2683
340.6621,0.2952,2.9579,16,2,56.0402,2.9976
308.995,0.1857,3.9749,20,1,10.5693,6.5669
273.9936,0.2431,0.9602,12,2,53.3913,3.3946
202.2382,0.2079,1.4616,12,0,35.2185,5.3765
143.3236,0.2695,1.881,16,1,30.7417,7.8048
139.1093,0.0745,1.9764,12,1,3.2822,21.818
162.5607,0.0681,1.9386,20,0,2.2912,34.0339
237.3067,0.1241,3.6766,16,2,10.6915,10.2332
278.649,0.0979,2.9991,12,1,4.8956,8.2906
265.0493,0.3115,2.6277,10,1,60.4022,2.2816
169.9835,0.1158,1.5828,10,2,15.6275,9.5741
338.7163,0.3428,3.3833,20,0,52.1522,3.2455
284.4742,0.1511,3.8427,12,2,20.2749,5.2607
238.5885,0.1046,3.3742,20,2,5.9642,15.0933
252.9302,0.2869,0.5055,16,2,56.8062,4.1539
204.9,0.2476,2.7274,10,1,39.8607,3.7134
161.9327,0.1995,0.679,16,0,24.9625,9.3328
188.9932,0.2166,1.4016,12,0,38.7741,5.5225
289.4615,0.2658,0.7083,20,2,37.5829,4.8981
103.5984,0.1185,2.6133,20,1,5.0292,30.6836
129.0182,0.3489,2.9031,20,2,73.1249,8.3706
111.5007,0.3424,0.9007,16,1,50.9793,7.8948
110.1822,0.2451,1.8434,10,1,41.8325,6.9764
313.8651,0.1099,2.0968,16,1,4.4335,8.7419
275.9145,0.2541,1.7917,16,1,25.0867,4.3001
218.5435,0.0717,0.9236,12,0,4.0556,14.4361
124.4585,0.0592,1.9663,12,1,2.0721,30.6865
222.904,0.1273,3.1291,12,1,8.8649,7.9671
218.3679,0.1888,0.7485,10,2,40.4212,4.57
143.3005,0.3105,0.7806,10,2,114.6397,4.2345
208.4629,0.2682,1.7417,12,0,58.4368,4.0444
199.6262,0.2728,3.796,12,2,70.8768,4.1513
253.9625,0.1776,2.84,10,1,20.1993,4.1759
258.7734,0.1538,2.8753,20,2,13.0685,9.4687
111.326,0.1613,1.7667,10,0,27.1288,10.491
193.6532,0.3463,2.5778,10,2,137.7772,2.8094
256.465,0.062,0.5355,10,2,4.2832,11.8422
225.7841,0.3101,2.7263,12,0,77.1562,3.2289
314.1225,0.2236,3.6965,20,0,22.466,5.3646
264.6734,0.1816,2.644,10,1,20.488,3.92
140.7336,0.2676,3.5579,12,2,71.0817,6.0036
117.6422,0.196,3.0339,16,1,16.4385,13.0731
260.6048,0.312,0.922,16,2,66.6684,3.707
106.6278,0.3202,3.6586,10,2,124.9299,5.5179
246.4439,0.1765,0.7326,16,1,12.1418,6.9294
335.0576,0.133,2.3689,20,2,9.1412,8.4524
243.8685,0.2277,0.9975,16,2,35.8704,5.4284
197.0425,0.3237,0.541,16,2,75.075,4.7259
260.8221,0.1132,1.9771,20,0,5.9208,12.7622
214.5632,0.2369,1.5326,10,1,36.2228,3.7066
236.4042,0.2395,2.201,10,0,54.8406,3.328
335.3662,0.2699,2.5202,20,1,21.5956,4.1623
196.5257,0.0895,0.6531,20,1,2.7099,21.4295
340.2976,0.2647,0.9305,20,2,36.0585,4.1823
326.3377,0.3227,2.4552,16,1,38.7124,2.8623
148.9478,0.1039,1.7011,20,0,5.5176,24.3467
117.3403,0.1213,3.0521,12,0,12.6195,15.8886
125.1945,0.3414,2.783,16,0,75.4331,7.0523
104.5555,0.1043,3.4596,10,1,7.7905,17.2774
123.6107,0.3063,2.9237,10,0,97.089,4.9757
270.7517,0.1977,2.0048,10,1,24.1773,3.52
117.7972,0.1242,2.8554,16,0,10.0789,20.6088
179.7439,0.3112,1.4638,12,0,80.3944,4.0414
311.2188,0.1836,1.5721,20,1,9.9524,6.5947
105.818,0.2044,3.2614,20,0,22.1129,17.417
303.6171,0.1578,2.0625,10,2,26.0919,3.9331
170.4637,0.2279,3.2943,10,1,34.7502,4.8499
129.5412,0.0991,3.3785,16,1,4.4263,23.4913
274.1843,0.1673,3.5015,12,1,14.4184,4.9279
257.2357,0.3408,3.7082,20,2,63.6679,4.2978
319.368,0.1274,2.0084,16,1,6.1664,7.4063
283.7678,0.247,1.616,20,0,28.3883,5.3754
300.8702,0.1476,2.5377,10,0,19.7581,4.2437
170.5086,0.282,1.7991,20,0,39.6823,7.8352
144.3599,0.0893,2.6038,12,1,4.4468,17.5448
287.6537,0.3409,2.9696,12,0,88.7563,2.3052
301.7087,0.1861,2.9094,10,1,21.1262,3.3548
347.6263,0.1208,1.8109,12,0,10.5862,5.383
203.1544,0.072,1.084,12,2,4.9035,15.4457
193.0045,0.1009,2.0069,16,2,7.4518,15.4748
294.1032,0.2059,0.9991,20,2,22.5572,6.2214
185.2009,0.1511,3.6153,10,2,26.4938,6.7324
332.6893,0.2987,1.7106,10,1,52.5987,1.8961
314.6032,0.1793,1.0406,10,0,29.0594,3.3406
207.2485,0.1246,0.5891,10,2,17.7139,7.2949
287.7178,0.2351,2.7604,10,1,33.8477,2.7847
288.6357,0.262,2.7292,12,2,61.2969,2.9892
125.781,0.1001,1.6921,16,2,7.3486,23.9385
325.6382,0.1003,0.751,10,1,5.9973,5.7691
226.3131,0.061,1.9337,16,1,1.4697,21.8349
306.6144,0.2709,1.5893,16,0,41.3438,3.6288
180.0124,0.2491,2.8699,12,0,51.3147,5.041
323.8808,0.1924,2.6202,10,2,38.5549,3.0235
197.3004,0.3033,1.7761,12,2,87.6965,3.7786
102.7094,0.2917,1.2626,10,0,88.8208,6.2883
326.3455,0.2256,3.9581,12,0,37.9771,3.0707
122.8217,0.3105,2.089,16,1,41.5115,7.9048
179.8284,0.1118,2.909,10,0,12.0741,9.3749
337.5155,0.0836,0.9919,20,0,3.4067,13.3578
337.6518,0.1309,2.1996,16,2,11.2308,6.8188
243.3595,0.0671,0.5964,20,0,2.0872,23.066
257.9593,0.2094,2.2691,16,2,29.8957,5.5818
212.1114,0.331,3.8741,12,0,88.7514,3.2203
173.3027,0.0618,1.8447,10,1,2.5734,17.59
182.1661,0.0866,0.6365,16,0,4.7369,19.1007
268.1296,0.1857,0.6083,12,0,26.6543,4.5415
288.0936,0.3302,1.858,10,0,100.2698,1.9807
297.8948,0.1448,1.0601,10,2,22.2395,4.3663
297.4045,0.2022,0.5817,16,1,15.6307,5.0134
122.8015,0.0625,3.1467,10,0,3.916,24.558
223.6051,0.0945,2.1048,16,2,6.6714,14.2651
114.3897,0.346,1.5124,10,1,83.0964,4.7603
237.3822,0.3395,3.6503,20,2,64.5772,4.675
210.3826,0.0515,0.9065,12,2,2.6307,20.8736
321.926,0.3355,3.8457,20,1,33.4919,3.4882
187.7288,0.2417,1.5989,16,0,36.2304,6.6425
129.2668,0.3104,3.6094,20,2,57.9878,9.3915
135.7479,0.1864,2.6103,16,2,26.0298,11.9116
290.3777,0.2047,3.3935,10,0,38.4997,3.1699
254.5545,0.1967,3.944,10,0,36.5367,3.7635
125.2807,0.2501,1.5094,16,1,26.7466,9.6222
121.0267,0.0919,3.864,20,1,2.7545,33.8794
275.2423,0.059,1.8632,10,1,2.0323,11.603
118.1908,0.1424,1.8493,12,0,17.5418,13.4348
305.465,0.2614,1.6914,10,2,72.2075,2.3594
276.5606,0.1106,2.3949,12,2,10.8623,7.3942
120.3372,0.252,1.0395,20,1,22.0465,12.4239
121.2094,0.341,2.438,12,0,100.3342,5.4702
346.6599,0.0782,2.396,12,2,5.2375,8.3429
193.5677,0.2518,3.1667,12,1,34.6341,4.6388
192.6605,0.1831,3.4178,12,2,32.062,6.408
303.1999,0.3104,2.0415,10,2,101.9397,2.0016
336.8121,0.1031,1.5582,12,0,7.9794,6.5077
346.5003,0.2578,1.4077,10,0,58.205,2.1092
288.3445,0.3014,1.1812,12,2,81.1405,2.6011
194.0649,0.3334,0.7018,16,1,45.8259,4.6592
120.8752,0.255,1.6986,20,0,33.6064,12.2258
294.2867,0.1992,1.4459,12,2,35.3879,3.8575
239.6011,0.2354,3.8825,16,0,33.053,5.3455
206.0555,0.3107,2.452,12,0,78.5278,3.5316
326.5886,0.2212,1.7155,12,0,36.4049,3.1297
127.7994,0.0591,2.5316,12,2,3.4872,29.9245
223.1563,0.3293,0.9872,16,1,43.5478,4.1022
102.8384,0.2569,2.0542,20,1,22.9657,14.2647
217.1652,0.253,2.6918,16,1,25.8134,5.4874
114.0758,0.1147,2.2111,20,0,6.7547,28.7968
129.7045,0.2477,1.9062,12,2,61.527,7.0379
129.3816,0.1682,3.9785,10,0,28.8549,8.6594
262.3026,0.2454,3.5811,12,1,31.3925,3.5127
286.5112,0.082,2.6819,20,1,2.1102,16.0425
245.8422,0.2474,2.4928,16,2,42.3262,4.9571
340.5431,0.3498,2.6723,12,0,90.0619,1.8978
193.7176,0.0645,1.2046,16,1,1.6615,24.1389
171.428,0.3432,1.883,16,2,85.9003,5.1243
317.1498,0.1721,0.6381,16,0,16.3604,5.5236
155.899,0.3112,2.1644,12,0,81.5332,4.6595
340.8056,0.2847,2.4006,16,1,29.9,3.1066
103.0386,0.2201,1.2971,16,1,20.9514,13.2914
342.4697,0.2715,3.8741,12,0,54.1101,2.4312
110.79,0.3136,3.6831,16,0,63.9545,8.6774
322.7858,0.1712,3.0275,12,1,14.5483,4.0901
231.9253,0.1481,2.3669,20,0,10.4111,10.9693
348.2412,0.2503,3.5449,20,1,18.1084,4.3232
118.4491,0.2924,0.9573,20,0,44.3781,10.881
238.4636,0.2787,3.2668,16,1,30.8347,4.5359
342.3256,0.2893,0.9369,10,2,86.0808,1.9021
230.7745,0.1807,3.2797,10,1,20.9774,4.5185
257.3497,0.2954,1.4652,16,1,34.3443,3.9659
273.9372,0.0861,3.5698,10,2,8.0412,7.9913
213.6353,0.2133,3.8041,12,0,37.0003,4.9602
256.8895,0.0517,1.0208,10,2,2.7886,14.1779
246.0786,0.1474,2.1194,16,1,8.7133,8.3119
325.2895,0.1599,3.9335,16,0,14.3347,5.794
111.3616,0.1689,2.1919,12,2,28.9194,12.0232
170.2408,0.2586,3.5224,20,0,33.5419,8.5576
337.6029,0.1666,2.5606,16,0,15.1793,5.3605
322.5659,0.1846,1.8137,12,2,29.4486,3.7966
213.9142,0.1213,1.5002,10,0,14.5239,7.2629
255.0331,0.162,1.2113,10,2,28.7921,4.5607
169.3453,0.1182,3.1663,12,1,7.7432,11.2964
147.0303,0.072,1.8529,12,0,4.2234,21.3684
215.9246,0.231,2.2895,16,1,21.3254,6.0426
188.3381,0.2505,2.2231,10,1,41.3132,3.9939
245.914,0.2358,2.5205,12,0,43.8851,3.8981
119.4337,0.189,3.5295,10,2,43.2136,8.3441
343.5987,0.1639,3.9326,12,0,19.7097,4.0136
346.5527,0.309,1.9265,10,1,56.2243,1.7594
274.5404,0.2057,3.3963,20,1,13.0385,6.6714
234.0241,0.1938,3.1758,16,2,26.4111,6.648
177.3819,0.0577,2.5074,10,0,3.5609,18.4099
303.4488,0.1524,3.8462,20,1,7.1371,8.1492
271.1828,0.1641,1.2017,10,1,16.6553,4.2347
140.6542,0.1696,0.8824,10,1,19.3958,7.8955
327.7318,0.2241,3.4889,20,2,26.1506,5.1315
305.6343,0.2101,2.037,10,1,26.8114,2.9342
337.45,0.2324,3.4644,10,1,32.0764,2.4026
281.4299,0.2795,3.6258,16,0,44.9118,3.8327
253.3538,0.2939,0.7186,20,0,40.6741,5.0605
204.5608,0.2654,3.5921,20,1,22.7993,6.9395
333.1821,0.3367,2.0691,12,1,55.7411,2.0155
316.516,0.0555,2.2865,10,0,2.8641,10.7307
111.3047,0.1087,2.6931,16,2,8.8818,24.9072
106.5917,0.0523,3.7423,10,2,3.2084,33.8154
194.1158,0.2442,0.5669,10,2,68.611,3.9737
302.6383,0.3194,2.169,12,2,90.1457,2.3388
346.819,0.123,2.907,10,2,15.5472,4.4148
137.6042,0.3281,3.0295,16,2,80.2602,6.6765
248.5327,0.0681,2.9239,16,2,3.3912,17.8154
195.2227,0.3303,0.9705,12,2,104.3226,3.5058
342.4786,0.1555,1.5479,10,0,21.6384,3.538
310.5297,0.0804,1.7555,16,2,4.2815,12.0698
309.5822,0.1958,3.3155,10,2,40.0359,3.1087
217.1733,0.127,1.4757,10,2,17.8674,6.829
203.7049,0.1355,1.2375,10,1,12.0505,6.8275
168.3518,0.1422,3.8511,12,0,17.079,9.4446
114.0939,0.2909,0.531,10,0,87.9062,5.6763
316.1806,0.2117,3.9924,16,0,25.499,4.5024
303.2253,0.1434,2.8689,10,2,22.0246,4.333
349.9294,0.2331,3.3996,16,2,34.7008,3.6955
349.1592,0.2648,1.5312,10,1,41.0252,2.0373
238.8579,0.1318,0.5501,16,0,10.4767,9.5761
292.2469,0.1741,3.0825,16,2,20.5077,5.9257
336.1914,0.0866,3.4195,10,0,6.7317,6.4736
312.4118,0.1043,3.0917,10,1,6.5704,5.7794
161.837,0.2543,1.0,16,1,27.2345,7.3235
212.636,0.1044,3.137,20,1,3.6111,16.9685
132.2899,0.2075,3.1912,12,0,37.0193,8.2341
338.5128,0.2627,2.8049,20,2,35.3165,4.2369
251.5437,0.0821,3.1814,20,2,3.7554,18.2537
157.1607,0.2202,3.4607,10,1,32.7154,5.4442
267.9252,0.127,2.6476,12,2,14.6037,6.6459
254.5321,0.3389,0.8101,20,1,36.1703,4.3684
189.5407,0.1951,2.2067,10,0,37.8556,5.0957
128.3894,0.2918,0.7718,20,1,29.2578,10.0577
267.8933,0.2151,1.9264,20,0,21.6692,6.5399
230.0769,0.063,1.9249,10,1,2.7802,12.9928
293.0796,0.2399,0.731,10,2,61.4738,2.6791
230.0409,0.3354,1.7209,10,2,125.7398,2.4417
313.0454,0.2305,0.8885,12,1,26.6793,3.1334
237.9767,0.2958,3.3288,20,2,48.3181,5.3536
240.2345,0.3153,3.8169,10,2,110.0255,2.4876
319.1634,0.1184,0.7531,16,2,9.2184,7.9753
200.8707,0.1136,3.8429,20,0,5.9692,16.5107
133.5038,0.2333,2.329,16,2,40.5421,9.6784
107.1957,0.1733,1.5485,12,0,26.0983,12.1693
288.7843,0.302,0.769,10,1,55.6842,2.1605
255.0774,0.32,2.2522,16,2,70.2755,3.6929
276.0199,0.156,3.2808,12,2,22.1021,5.2496
153.241,0.1211,2.9748,10,2,17.3519,10.1555
134.0929,0.2842,0.6758,16,1,34.3974,7.9111
103.6362,0.1324,0.7552,16,0,11.6864,21.9616
187.6469,0.2968,1.9101,12,0,72.3531,4.0596
247.4794,0.1771,1.5335,10,2,34.6855,4.298
198.061,0.2503,1.3133,10,1,40.7456,3.8009
209.3687,0.0787,1.4835,16,1,2.5475,18.3034
326.0397,0.2372,3.3122,16,1,20.8508,3.8985
187.0639,0.1855,3.7523,16,1,14.3477,8.6855
228.4974,0.226,1.9179,10,1,32.7935,3.6486
295.9133,0.1004,3.6714,12,0,7.5807,7.6093
199.1357,0.2711,1.6252,12,0,59.9245,4.1884
255.5217,0.3088,2.1675,10,0,89.7197,2.3874
315.5909,0.115,1.2911,20,2,7.2201,10.3802
337.3802,0.0787,2.7417,12,1,3.2852,8.5131
136.7684,0.0571,3.9264,16,2,2.2891,38.605
331.6469,0.2426,2.6122,20,1,17.5368,4.6834
223.0291,0.2321,1.7523,20,0,25.7089,7.2782
164.5611,0.214,2.7674,12,2,44.6747,6.4195
214.7839,0.1196,0.9302,20,0,6.794,14.6702
345.0081,0.1673,3.6103,20,1,8.3538,6.5292
223.1545,0.2283,2.2608,12,1,27.7245,4.4368
182.1879,0.199,2.0727,12,1,21.9059,6.2348
258.3502,0.3463,2.5505,20,0,56.3252,4.2112
160.0364,0.0909,2.6867,16,1,3.4464,20.7141
118.9658,0.2585,0.7512,10,0,69.5502,6.1253
132.2199,0.1713,2.8892,20,2,17.85,16.6367
132.0115,0.1785,1.3468,20,1,10.8872,15.9941
137.9757,0.2653,2.9988,16,1,29.9569,8.2356
134.7068,0.2577,3.3789,20,1,22.4849,10.8531
260.2187,0.3474,3.3139,20,2,66.0155,4.1684
145.47,0.0885,2.4338,10,1,5.6116,14.631
186.4168,0.0812,2.3206,10,0,6.5102,12.4412
324.1971,0.2673,1.0001,10,0,63.9187,2.1741
218.4904,0.2235,3.2137,12,1,26.6313,4.6294
266.8894,0.1322,1.4499,12,1,9.0019,6.4053
143.08,0.0738,2.2384,10,2,6.5542,17.8359
148.0723,0.0757,1.495,10,2,6.8103,16.8084
110.2172,0.3183,0.9684,12,2,102.8173,6.4452
142.2338,0.1076,2.7035,16,1,4.8286,19.7036
169.6476,0.147,0.6902,20,2,12.3604,15.1082
144.2526,0.118,3.1203,20,2,8.4447,22.1369
122.1756,0.1565,1.6116,10,0,25.1959,9.8534
130.159,0.0708,0.5005,16,2,3.8395,32.6984
215.1947,0.2057,2.289,12,0,34.2538,5.1069
151.5834,0.0703,0.664,10,0,4.7589,17.6837
191.0675,0.2901,1.4666,16,2,60.6819,5.4382
225.8543,0.1201,2.9744,16,0,8.5885,11.1117
272.5987,0.212,0.7194,16,1,17.4093,5.216
109.828,0.314,3.4377,12,1,57.0924,6.5552
299.8526,0.2453,0.5134,12,2,53.469,3.0741
256.9751,0.2099,1.3639,20,1,14.0064,6.9861
120.4398,0.1473,3.0932,20,0,10.964,21.2392
318.3947,0.1499,1.6069,16,1,8.7382,6.3159
330.2181,0.2508,0.8566,16,2,40.6803,3.6391
115.2695,0.3482,1.7608,12,2,122.854,5.6321
169.2194,0.2486,1.4464,20,0,30.8983,8.9587
301.5503,0.2173,3.4495,16,2,31.2536,4.5995
287.0649,0.2692,1.5967,20,1,22.163,4.876
146.1303,0.1896,3.2613,20,2,21.2724,13.6025
152.3373,0.068,3.6216,16,0,3.311,29.0812
192.618,0.2187,2.0184,12,2,45.7953,5.3671
221.1307,0.3373,3.6848,16,1,45.7067,4.0416
254.5637,0.1026,1.8206,16,0,6.2068,11.5424
192.2284,0.257,3.8743,20,1,21.5509,7.6271
215.6337,0.1103,0.8125,16,0,7.6054,12.6761
286.8677,0.2107,2.9046,12,2,39.4711,3.7395
109.1708,0.079,2.2283,16,0,3.9788,34.9503
163.1092,0.1851,1.8568,12,0,28.8619,7.4877
278.3374,0.2768,2.7145,12,2,68.9462,2.9339
323.8017,0.1543,2.9635,20,1,7.1694,7.543
227.9194,0.2495,0.5153,10,2,69.9686,3.3134
233.0284,0.2886,1.0843,10,0,79.8684,2.8011
126.793,0.3282,2.9957,20,2,64.7993,9.056
211.8531,0.1204,2.8323,16,0,9.116,11.8186
233.1543,0.1698,3.8812,20,2,15.9967,9.5179
160.6176,0.0957,3.1636,12,2,8.9611,14.7043
167.3108,0.3477,3.8277,10,1,80.8456,3.2381
194.321,0.3281,2.9589,20,0,52.947,5.91
105.0178,0.212,1.5432,16,1,19.4345,13.5403
180.5198,0.3026,0.8688,20,0,45.2575,6.8977
152.862,0.2063,3.2364,10,2,50.3547,5.9746
181.8743,0.2371,2.7545,20,0,27.8019,8.7388
129.9405,0.0767,0.6687,20,1,2.306,37.7885
322.6318,0.2766,1.7602,10,1,45.5894,2.1113
248.3981,0.0883,3.8488,12,1,4.0618,10.3059
269.7756,0.2978,2.2514,12,0,68.9898,2.8139
297.2928,0.2846,2.0146,10,1,49.3038,2.2266
224.6105,0.2626,2.1019,20,1,22.1082,6.3877
121.7301,0.0608,1.2311,10,1,2.4581,25.4352
234.2766,0.1409,1.7905,12,2,19.0109,6.8471
246.7103,0.1289,1.7943,16,2,11.5371,9.4765
286.3599,0.158,0.6832,20,0,11.6464,8.3259
207.9149,0.0763,3.1865,12,0,4.5732,14.2526
131.8951,0.3311,1.9578,20,1,37.4641,8.6286
170.944,0.2161,3.3776,10,2,54.8383,5.0991
190.7706,0.1417,3.4762,16,1,8.4575,11.1545
261.4793,0.1691,1.242,10,1,17.929,4.261
242.6946,0.1842,2.8007,16,2,23.4389,6.7444
189.0242,0.2302,2.153,20,2,30.4904,8.6602
346.6288,0.2047,3.5805,20,2,21.3446,5.3103
251.4437,0.3258,1.2551,10,0,100.0377,2.2997
159.3067,0.1991,2.8723,16,0,25.1216,9.5043
125.4456,0.3476,2.6271,16,1,52.0595,6.912
138.2148,0.3054,1.5336,20,0,47.8378,8.9258
161.4894,0.1126,0.9781,10,2,14.8319,10.3652
140.1703,0.3292,2.7807,16,2,80.7786,6.533
146.6418,0.0849,3.0851,20,0,3.6026,30.2618
171.2738,0.2952,1.6047,12,1,48.3204,4.471
143.3434,0.1642,2.7569,10,1,18.575,8.0051
324.1914,0.3134,1.883,12,0,73.1118,2.2252
120.0584,0.3104,2.9962,10,1,66.6252,5.0553
231.1278,0.2918,1.1973,20,1,27.3175,5.5874
202.5992,0.287,3.6158,16,1,33.5938,5.184
345.5947,0.1414,1.5059,16,2,12.8383,6.1684
128.0097,0.0743,1.7873,16,2,3.982,31.7038
199.4639,0.1709,0.7033,10,0,28.4972,5.527
342.3676,0.1021,0.8903,20,2,5.2066,10.7839
316.3768,0.2585,2.3055,12,1,33.4438,2.7645
304.268,0.1538,1.4366,20,2,12.5308,8.0503
164.4757,0.3427,3.4242,12,0,98.2016,4.0111
142.7219,0.2423,0.5514,10,2,69.9527,5.4482
267.1608,0.2967,1.8268,10,1,54.8523,2.3764
332.344,0.0898,1.6807,12,1,3.8674,7.5789
239.1907,0.3086,0.5676,12,0,75.5952,3.0628
242.9032,0.3268,0.9353,12,2,98.7352,2.8478
169.9948,0.1961,1.9477,20,2,22.3302,11.302
292.3732,0.2319,2.225,12,2,47.9324,3.3348
146.7609,0.2794,1.915,10,1,53.003,4.5939
180.9198,0.1025,2.3583,10,0,10.2767,10.1643
206.3591,0.2008,2.583,16,2,28.7059,7.2758
226.9026,0.1696,0.5347,12,1,15.4142,5.8749
160.6024,0.0939,2.1243,20,1,2.8682,24.9826
128.7092,0.1603,3.8722,20,1,8.735,18.2673
252.655,0.0705,2.3166,20,2,2.5795,21.1686
172.1576,0.0577,2.8714,16,2,2.3627,30.3229
245.3096,0.0905,1.5915,10,2,9.0693,8.4816
138.5907,0.3389,3.209,20,2,68.47,8.0216
220.285,0.2149,3.2052,10,2,51.7937,3.9805
233.1474,0.3397,2.3245,16,2,80.4266,3.8055
112.9559,0.1797,3.916,12,2,32.6355,11.1349
184.1511,0.1435,0.9394,12,2,19.9769,8.5526
133.6037,0.2018,0.5593,12,2,40.7467,8.3836
115.8437,0.1819,3.1956,20,1,11.5779,17.8861
347.4901,0.0817,3.325,12,2,5.5788,7.9634
180.5885,0.2422,0.9207,20,0,29.1751,8.6131
302.4686,0.1148,1.4295,16,1,4.6251,8.6803
163.6602,0.2359,0.5614,16,2,40.8541,7.8086
270.3757,0.2451,1.5266,20,0,28.0391,5.6868
290.057,0.0956,3.206,10,2,9.7259,6.7937
248.9097,0.0684,2.3129,12,0,3.7322,13.278
217.894,0.2842,1.7183,12,0,64.9046,3.6505
202.9602,0.1879,1.8011,12,0,28.6647,5.927
187.2171,0.0674,0.5047,20,0,2.3644,29.8393
332.3823,0.3485,1.5493,16,1,44.9699,2.6026
307.6549,0.0673,2.7626,12,1,2.2169,10.9135
341.2567,0.2585,3.9097,16,0,36.9237,3.417
131.0743,0.3451,3.4647,12,2,119.0798,4.998
282.7169,0.1218,0.5826,12,0,11.3154,6.5679
334.5851,0.0927,3.645,20,1,2.5085,12.1519
145.3083,0.0864,3.2412,10,2,8.8032,15.0037
116.6241,0.141,3.2313,20,1,6.702,22.917
285.2802,0.0803,2.103,12,1,3.4864,9.8674
243.6183,0.2576,1.893,12,2,61.1922,3.6018
310.4572,0.0687,1.5602,10,0,4.134,8.8349
134.9431,0.2028,0.7299,16,0,26.1389,11.0135
298.8168,0.349,1.2988,16,0,68.9456,2.8904
150.4068,0.2942,1.3631,12,0,73.2902,5.1093
140.914,0.2346,2.1943,16,2,41.0956,9.1197
141.0664,0.1419,3.1161,12,2,20.1646,11.2961
303.6437,0.2372,2.1583,10,2,59.528,2.6161
266.2993,0.2081,0.7025,10,1,26.9081,3.3995
230.7664,0.1778,3.8523,12,2,29.3902,5.5093
189.7076,0.0892,3.7995,10,0,7.7947,11.1319
319.3001,0.316,3.2482,20,1,30.0044,3.7347
198.1113,0.1849,3.9696,20,0,16.7772,10.2845
304.1499,0.1084,2.4057,10,0,10.713,5.715
209.7837,0.1603,3.8697,12,2,24.2537,6.7217
194.2361,0.1742,0.7646,12,2,29.2428,6.6802
215.6699,0.2983,1.7799,10,0,85.9191,2.9288
175.3445,0.2701,1.2888,16,0,45.2829,6.3652
286.9023,0.2808,1.1854,20,1,24.2139,4.6773
225.6801,0.0533,0.9928,16,2,2.2561,25.0556
158.0532,0.1748,2.6784,12,1,17.1092,8.1809
324.8936,0.1944,3.2346,12,1,18.614,3.5795
195.9728,0.0558,2.524,16,1,1.4232,27.5867
235.8882,0.1279,1.0144,10,0,15.6796,6.2424
326.618,0.2781,3.3389,16,1,28.915,3.3188
256.0595,0.0911,2.7258,16,1,3.0619,12.9177
129.2245,0.2106,1.8586,20,0,23.0116,13.8459
334.958,0.1146,2.8595,20,2,6.5471,9.8194
256.927,0.0536,1.4097,16,2,1.9289,21.8742
183.7264,0.1224,1.7082,16,1,6.2466,13.4087
134.818,0.3428,3.7112,12,0,100.4418,4.8924
298.5063,0.2905,1.5168,20,2,44.9957,4.3458
255.0182,0.3379,2.145,20,1,35.5522,4.3731
233.3653,0.1964,3.6155,12,1,20.5123,4.9338
323.4731,0.0829,2.977,10,0,6.324,7.0239
297.1493,0.2144,0.7177,20,1,13.9813,5.9147
137.9187,0.1863,1.0156,20,2,20.5526,14.6637
177.9305,0.3033,0.5274,10,0,91.7276,3.491
162.1223,0.0794,2.7082,20,2,3.6066,29.2626
285.9866,0.1965,2.0669,20,2,20.5881,6.706
108.3831,0.095,0.97,10,2,10.8547,18.2949
242.4724,0.1474,3.8528,10,1,13.7349,5.2712
290.6147,0.2712,2.3538,16,1,28.1178,3.8246
319.1914,0.1928,1.3466,12,2,32.2127,3.6736
185.5204,0.1628,2.2521,12,2,25.3434,7.487
305.3143,0.1683,2.8787,10,0,25.5792,3.6655
127.6579,0.1878,0.7668,10,0,36.2194,7.857
311.6131,0.2855,1.4615,20,1,24.5103,4.2353
131.8722,0.3176,3.3244,16,1,43.2539,7.1967
199.3218,0.3366,2.1088,16,0,69.4633,4.4929
299.3238,0.2861,2.413,10,2,86.9622,2.2002
137.4794,0.1446,2.0149,20,1,7.3882,18.9513
157.3128,0.2564,0.6536,20,2,38.8036,9.3403
280.5631,0.1813,1.0801,12,0,25.4111,4.4451
280.0091,0.1264,2.0594,12,1,8.1394,6.3876
260.2869,0.3023,1.2321,20,1,28.7013,4.7893
273.4871,0.0615,0.6749,12,0,2.86,13.4355
235.6811,0.3205,3.4528,10,1,65.4735,2.494
162.9498,0.1884,3.9342,20,0,17.6551,12.2709
186.424,0.2412,3.276,12,1,31.996,5.0287
145.3994,0.2478,3.4882,16,0,38.9329,8.3662
327.1126,0.3185,1.3469,20,1,30.2762,3.6162
245.8479,0.241,3.8622,20,2,32.2472,6.3595
200.2129,0.2342,1.1892,16,2,39.112,6.4292
215.5015,0.07,3.83,10,2,5.847,12.4899
336.8208,0.2055,3.9819,16,1,15.5193,4.3545
138.3379,0.0951,2.991,20,1,2.8395,28.6559
246.5575,0.2712,3.934,10,2,81.1962,2.8172
226.4722,0.2037,2.4934,12,2,38.6174,4.9015
252.8636,0.2541,1.4084,12,0,50.7828,3.519
104.5275,0.0625,2.0295,12,0,3.2226,34.605
318.031,0.0754,2.5775,20,0,2.4725,15.7056
333.0296,0.2649,0.7558,16,2,45.4252,3.417
241.2833,0.0716,2.6782,10,2,5.7133,10.9015
274.1627,0.0714,3.9341,12,2,4.5951,11.553
330.6248,0.0536,1.1654,10,0,2.5748,10.6247
276.8097,0.337,3.2741,20,1,34.9979,4.0398
138.1348,0.2713,3.6776,12,2,72.9607,6.0337
244.0721,0.156,3.803,20,1,7.6375,9.8978
251.6788,0.139,3.8605,16,1,7.6642,8.6191
206.0327,0.1549,2.3251,20,1,7.7848,11.8057
284.1111,0.2824,3.9206,20,0,36.7873,4.6964
333.5918,0.2484,3.1506,16,1,22.7051,3.6376
331.3921,0.1056,1.0659,10,2,11.6932,5.3857
212.7098,0.1022,2.1692,16,0,5.96,13.8619
128.3095,0.0795,3.0142,16,2,4.7711,29.5442
346.2103,0.2481,1.3657,20,2,31.7132,4.3869
309.7245,0.2793,2.7422,10,0,70.6873,2.1778
131.1657,0.1295,2.8331,12,2,16.7328,13.3084
330.2105,0.0563,1.0694,16,2,1.8542,16.2192
317.4741,0.0747,2.4778,10,0,5.2081,7.9494
229.7095,0.3404,3.2007,16,2,81.0154,3.8555
247.8189,0.1386,2.2461,16,1,7.556,8.774
199.7507,0.2808,0.5424,16,2,56.2068,5.3749
113.6904,0.2374,0.5316,16,1,24.2442,11.1686
183.7993,0.1646,1.7496,20,2,15.7486,12.4562
300.7134,0.1117,3.7417,10,0,11.4495,5.6086
101.158,0.0864,1.3004,10,0,7.8653,21.552
183.3748,0.2345,2.7203,10,2,63.5063,4.3812
199.5422,0.2824,1.2773,16,0,48.6995,5.3495
234.3489,0.2432,1.6258,20,2,32.7597,6.612
329.9639,0.2091,3.4681,16,0,24.2079,4.3692
186.5865,0.0626,3.051,16,1,1.4639,25.8136
186.7383,0.3405,0.8339,10,2,133.5943,2.9626
284.3753,0.2896,2.0005,16,1,32.2831,3.6601
213.0545,0.1378,0.6021,12,1,10.051,7.698
156.1512,0.344,2.1831,16,2,87.3525,5.6119
213.1099,0.2306,2.8185,12,1,28.7307,4.6011
135.2143,0.2247,0.9148,16,2,37.8021,9.9203
144.0967,0.2744,1.5111,20,1,25.8325,9.5288
224.5919,0.2935,1.8924,20,2,48.197,5.7156
204.7314,0.2469,3.7184,10,2,69.6172,3.7265
328.7115,0.0884,3.9764,16,0,4.3045,10.3703
190.5985,0.1515,0.6572,12,2,22.3952,7.8304
245.1471,0.3284,3.1635,12,2,99.3983,2.808
258.0661,0.1174,1.801,16,1,5.3118,9.9508
103.2736,0.1617,1.8736,12,2,26.6808,13.5424
265.8843,0.1796,3.1399,20,0,15.0342,7.8896
144.509,0.1818,3.7145,12,1,18.5985,8.6044
340.2676,0.2339,3.8283,10,1,32.0117,2.3674
137.1657,0.3329,2.5199,20,0,56.9667,8.2513
203.656,0.1222,1.7499,20,1,4.6914,15.1396
121.3374,0.0865,3.2564,20,1,2.612,35.9211
349.2186,0.1092,1.3785,16,1,4.5119,7.9016
225.5488,0.3161,2.4743,16,1,40.2157,4.2283
248.8463,0.2437,1.755,20,0,28.0053,6.2122
116.7691,0.1358,2.7982,16,0,11.9312,19.0135
287.4901,0.2948,1.3414,12,1,44.2943,2.6677
152.4764,0.3084,1.1706,16,1,39.9278,6.4102
324.5136,0.304,3.7138,16,0,51.6356,3.056
151.2849,0.3257,0.8563,20,0,53.7866,7.6476
147.6719,0.1257,2.2709,10,0,16.2723,10.1518
109.1374,0.2765,1.273,10,1,53.0719,6.243
218.0167,0.1882,0.6363,10,1,22.9968,4.5926
241.2103,0.3026,0.6261,12,2,84.8483,3.0974
116.4272,0.2685,1.1133,16,0,46.8159,9.6411
293.8819,0.2829,3.5337,10,1,48.4677,2.2658
213.3222,0.2468,1.4887,20,0,29.4968,7.1556
231.0976,0.1032,3.8266,10,1,7.0753,7.8974
210.1907,0.2135,2.5357,10,0,44.3934,4.1981
200.1908,0.3454,2.0281,16,1,48.8123,4.3595
239.9101,0.3312,2.5303,16,2,76.1447,3.7935
138.8101,0.063,2.3084,16,2,2.9221,34.4961
145.482,0.0994,3.1557,12,0,8.1106,15.6269
315.4464,0.0895,1.4887,12,1,4.1224,8.0061
336.5289,0.2678,1.7357,10,1,42.4457,2.0905
193.3273,0.2953,3.6293,16,0,53.5362,5.2795
167.6862,0.1141,3.8126,10,1,8.668,9.8509
260.9999,0.2018,3.624,20,0,19.0295,7.1556
202.1835,0.3022,1.9681,20,1,29.8514,6.1667
106.3466,0.2698,3.2313,16,0,47.5003,10.5044
139.0381,0.2127,2.1672,16,1,19.4124,10.1943
278.9931,0.2271,2.2414,20,0,23.8572,5.9469
264.731,0.2025,1.2164,16,1,15.5889,5.6228
106.774,0.1393,2.569,12,2,19.7757,15.2039
155.493,0.2195,1.1515,12,1,27.2165,6.6237
157.7687,0.2567,1.6605,16,0,41.3942,7.4441
267.9732,0.312,3.4926,20,2,53.0067,4.5068
104.9276,0.2409,1.2248,10,1,40.7598,7.4538
126.0271,0.2783,0.7491,16,2,58.3015,8.5934
299.979,0.098,0.7415,16,1,3.8144,10.2515
144.6362,0.1885,3.7927,10,2,42.1508,6.9114
263.1865,0.0528,2.2742,16,0,1.6278,21.6924
159.5457,0.124,1.9329,10,1,10.3058,9.5227
124.8603,0.2679,3.3381,20,1,24.6524,11.2629
160.793,0.3475,3.4254,12,0,101.3823,4.0456
280.5667,0.0798,1.6627,20,2,3.1823,16.8394
313.9241,0.1704,2.9277,12,0,21.746,4.2252
307.555,0.29,3.1989,10,0,76.2981,2.1122
199.2959,0.1112,2.7913,12,2,11.6452,10.2004
267.0213,0.2165,1.0306,20,0,21.7131,6.5171
151.2461,0.2699,3.5656,12,1,41.0574,5.5378
173.2869,0.2348,2.3868,10,1,36.7215,4.6305
324.084,0.1064,1.4887,12,1,5.6747,6.5559
103.2505,0.1566,1.9883,16,0,16.0448,18.6412
121.3771,0.2851,0.6315,20,1,28.0614,10.8873
151.9716,0.2163,0.9475,16,1,19.7011,9.1716
106.6331,0.0516,3.1794,10,1,1.6619,34.2611
145.3589,0.2783,0.5,12,1,43.8019,5.5887
245.7604,0.0606,1.958,16,1,1.5589,20.2425
205.3561,0.2737,2.3288,16,1,30.5537,5.3627
323.1679,0.1107,0.6912,12,0,8.873,6.317
304.3609,0.3374,3.9058,12,1,57.404,2.2014
185.4543,0.1604,1.2914,20,1,8.3561,12.6683
164.8559,0.1481,1.5647,16,2,16.2712,12.3481
194.9231,0.0947,1.5638,16,0,5.5579,16.3358
247.5737,0.1417,1.3065,10,0,19.1381,5.3711
167.0159,0.313,0.5052,20,0,49.1375,7.208
256.0372,0.3489,3.0527,10,0,114.5118,2.109
202.3529,0.1605,3.884,16,1,10.7245,9.2819
238.0118,0.1846,1.285,10,1,21.8012,4.2884
209.0316,0.2666,2.8207,16,2,50.4875,5.4087
173.6164,0.3159,3.0966,16,2,72.6052,5.4969
337.1133,0.2279,3.4695,10,0,45.6639,2.4521
290.9014,0.1675,1.9792,10,2,30.0284,3.8675
135.0283,0.1738,1.5603,12,2,30.0921,9.6343
317.117,0.2587,1.6385,12,0,50.1612,2.7559
221.8578,0.051,2.9942,12,0,2.2168,19.9945
323.6381,0.2359,3.3587,16,2,36.4317,3.9487
299.9638,0.1566,1.1356,10,1,14.9377,4.0095
206.3034,0.2883,1.7983,20,2,47.1309,6.3361
105.6173,0.0779,3.6568,16,2,4.306,36.639
167.1693,0.2265,3.3234,20,1,17.0221,9.9532
235.4086,0.1943,3.947,10,1,24.2391,4.1191
258.3696,0.2427,3.1399,16,0,34.8469,4.8072
164.4719,0.0695,1.8762,20,0,2.3881,32.9844
134.839,0.224,2.5672,20,2,29.7986,12.4755
308.7326,0.2184,2.8135,12,1,23.865,3.3523
346.1005,0.2182,0.7746,12,0,34.9949,2.9937
231.4225,0.231,2.4057,12,2,49.6313,4.2282
142.9198,0.2529,2.9826,16,1,27.2782,8.3385
168.0768,0.2915,1.0856,10,2,99.3899,3.8454
104.5977,0.1309,3.2322,10,0,18.0556,13.7552
328.5747,0.2975,2.5432,12,0,65.9212,2.3127
129.4378,0.1995,3.8328,12,1,22.8443,8.7561
244.1291,0.0731,0.6485,12,2,4.9552,12.6655
168.5138,0.0676,1.4286,20,1,1.814,33.0942
238.5445,0.1503,2.6054,12,0,17.9863,6.3069
262.8551,0.2855,1.538,20,0,38.0197,5.0215
307.4355,0.2623,3.0005,10,2,72.7317,2.3363
151.6053,0.2866,3.1565,16,2,60.7851,6.938
102.749,0.2052,0.8588,16,2,32.1269,14.2984
134.2214,0.1821,2.2985,16,1,14.0928,12.3357
325.0047,0.0942,2.2811,16,2,5.7344,9.8423
318.4725,0.1485,1.7925,20,2,11.4534,7.9696
249.3533,0.1802,3.7652,20,0,15.3115,8.3855
250.1292,0.0766,3.3963,12,0,4.4914,11.8027
266.2592,0.1162,2.9402,20,2,7.4094,12.1804
143.8428,0.2295,3.0001,12,2,52.2279,6.8494
328.603,0.2707,2.116,12,0,54.3982,2.5416
204.6926,0.3495,3.7235,16,2,86.9867,4.2135
195.7846,0.3299,2.9311,20,1,35.6402,5.8332
229.7294,0.2428,3.0514,20,1,19.0602,6.7562
111.7415,0.1764,3.5159,12,1,18.0144,11.4713
141.5708,0.2409,1.4593,12,2,57.7672,6.6303
284.5084,0.2857,3.3247,10,0,75.0116,2.3178
120.6997,0.0855,1.1833,10,2,8.92,18.2559
250.788,0.173,1.7087,12,2,27.3619,5.2117
161.3373,0.3019,1.6746,10,0,91.7288,3.8674
197.3239,0.1651,3.9248,10,0,26.7183,5.7813
172.1734,0.2216,3.4979,12,0,40.8155,5.9265
188.9182,0.2263,2.9541,12,1,28.0398,5.2874
279.7615,0.1053,3.0447,20,2,6.165,12.7855
174.2804,0.1587,2.4673,12,0,20.9452,8.1755
241.6012,0.1504,3.8148,12,2,20.9324,6.2237
219.0126,0.0579,2.2369,16,1,1.2798,23.7882
265.9178,0.0573,1.8318,20,1,1.1491,24.7475
334.2074,0.2995,1.0706,20,0,39.7953,3.7643
283.143,0.1319,3.2517,20,0,7.9748,10.0877
153.7351,0.2054,3.0706,16,2,30.9135,9.545
107.7958,0.1396,1.8452,12,0,17.0003,15.0217
165.566,0.3322,0.5882,20,2,64.7268,6.8507
248.7695,0.1278,3.4365,20,0,7.5761,11.8528
112.8565,0.1789,0.54,10,2,38.8248,9.3315
224.0916,0.3118,2.9629,20,2,54.7079,5.3924
249.2107,0.3026,3.8959,12,2,83.9294,2.9982
183.561,0.1058,2.0318,12,2,10.6992,11.6378
292.7281,0.2908,1.3224,10,1,51.6436,2.2133
126.6496,0.1875,2.967,20,2,21.3065,15.8711
118.7844,0.1949,3.3599,20,0,20.0189,16.2765
282.0472,0.09,2.4125,20,1,2.7872,14.8366
223.8728,0.0742,3.8846,16,1,2.2302,18.1514
272.1006,0.2684,0.6808,20,2,38.9832,5.1597
208.7068,0.1989,2.2668,12,1,21.5516,5.4451
161.6005,0.1811,3.0146,12,2,32.0081,7.727
304.7756,0.2689,3.5192,16,0,40.8449,3.6788
299.854,0.2797,1.1274,16,2,51.8532,3.5948
273.6741,0.0977,3.3,20,1,2.8878,14.0963
168.0363,0.2331,2.4345,10,0,54.5114,4.8106
247.5577,0.0906,1.8879,16,2,5.5767,13.439
190.2435,0.2754,0.961,16,0,46.7959,5.7532
122.8955,0.2471,3.5285,20,0,31.8022,12.4087
329.3284,0.337,1.0505,20,1,33.6873,3.3953
134.2047,0.0707,1.5843,16,0,3.4318,31.7754
337.5593,0.0671,1.5152,10,1,2.8342,8.3158
211.5014,0.1347,3.5499,16,0,11.1036,10.5843
